# Blender 4.4.1
# www.blender.org
mtllib rings.mtl
o Torus
v 0.750000 0.000000 0.000000
v 0.730970 0.095671 0.000000
v 0.676777 0.176777 0.000000
v 0.595671 0.230970 0.000000
v 0.500000 0.250000 0.000000
v 0.404329 0.230970 0.000000
v 0.323223 0.176777 0.000000
v 0.269030 0.095671 0.000000
v 0.250000 0.000000 0.000000
v 0.269030 -0.095671 0.000000
v 0.323223 -0.176777 0.000000
v 0.404329 -0.230970 0.000000
v 0.500000 -0.250000 0.000000
v 0.595671 -0.230970 0.000000
v 0.676777 -0.176777 0.000000
v 0.730970 -0.095671 0.000000
v 0.725982 0.000000 -0.243863
v 0.707317 0.095671 -0.240150
v 0.654165 0.176777 -0.229578
v 0.574618 0.230970 -0.213755
v 0.480785 0.250000 -0.195090
v 0.386953 0.230970 -0.176426
v 0.307405 0.176777 -0.160603
v 0.254253 0.095671 -0.150030
v 0.235589 0.000000 -0.146318
v 0.254253 -0.095671 -0.150030
v 0.307405 -0.176777 -0.160603
v 0.386953 -0.230970 -0.176426
v 0.480785 -0.250000 -0.195090
v 0.574618 -0.230970 -0.213755
v 0.654165 -0.176777 -0.229578
v 0.707317 -0.095671 -0.240150
v 0.654849 0.000000 -0.478354
v 0.637268 0.095671 -0.471072
v 0.587200 0.176777 -0.450333
v 0.512268 0.230970 -0.419295
v 0.423880 0.250000 -0.382683
v 0.335491 0.230970 -0.346072
v 0.260559 0.176777 -0.315034
v 0.210491 0.095671 -0.294295
v 0.192910 0.000000 -0.287013
v 0.210491 -0.095671 -0.294295
v 0.260559 -0.176777 -0.315034
v 0.335491 -0.230970 -0.346072
v 0.423880 -0.250000 -0.382683
v 0.512268 -0.230970 -0.419295
v 0.587200 -0.176777 -0.450333
v 0.637268 -0.095671 -0.471072
v 0.539337 0.000000 -0.694463
v 0.523514 0.095671 -0.683890
v 0.478454 0.176777 -0.653782
v 0.411017 0.230970 -0.608722
v 0.331470 0.250000 -0.555570
v 0.251922 0.230970 -0.502418
v 0.184485 0.176777 -0.457358
v 0.139425 0.095671 -0.427250
v 0.123602 0.000000 -0.416678
v 0.139425 -0.095671 -0.427250
v 0.184485 -0.176777 -0.457358
v 0.251922 -0.230970 -0.502418
v 0.331470 -0.250000 -0.555570
v 0.411017 -0.230970 -0.608722
v 0.478454 -0.176777 -0.653782
v 0.523514 -0.095671 -0.683890
v 0.383883 0.000000 -0.883884
v 0.370427 0.095671 -0.870427
v 0.332107 0.176777 -0.832107
v 0.274756 0.230970 -0.774756
v 0.207107 0.250000 -0.707107
v 0.139457 0.230970 -0.639457
v 0.082107 0.176777 -0.582107
v 0.043786 0.095671 -0.543786
v 0.030330 0.000000 -0.530330
v 0.043786 -0.095671 -0.543786
v 0.082107 -0.176777 -0.582107
v 0.139457 -0.230970 -0.639457
v 0.207107 -0.250000 -0.707107
v 0.274756 -0.230970 -0.774756
v 0.332107 -0.176777 -0.832107
v 0.370427 -0.095671 -0.870427
v 0.194463 0.000000 -1.039337
v 0.183890 0.095671 -1.023514
v 0.153782 0.176777 -0.978454
v 0.108722 0.230970 -0.911017
v 0.055570 0.250000 -0.831470
v 0.002418 0.230970 -0.751922
v -0.042642 0.176777 -0.684485
v -0.072750 0.095671 -0.639425
v -0.083322 0.000000 -0.623602
v -0.072750 -0.095671 -0.639425
v -0.042642 -0.176777 -0.684485
v 0.002418 -0.230970 -0.751922
v 0.055570 -0.250000 -0.831470
v 0.108722 -0.230970 -0.911017
v 0.153782 -0.176777 -0.978454
v 0.183890 -0.095671 -1.023514
v -0.021645 0.000000 -1.154849
v -0.028928 0.095671 -1.137268
v -0.049667 0.176777 -1.087200
v -0.080705 0.230970 -1.012268
v -0.117316 0.250000 -0.923879
v -0.153928 0.230970 -0.835491
v -0.184966 0.176777 -0.760559
v -0.205705 0.095671 -0.710491
v -0.212987 0.000000 -0.692910
v -0.205705 -0.095671 -0.710491
v -0.184966 -0.176777 -0.760559
v -0.153928 -0.230970 -0.835491
v -0.117316 -0.250000 -0.923879
v -0.080705 -0.230970 -1.012268
v -0.049667 -0.176777 -1.087200
v -0.028928 -0.095671 -1.137268
v -0.256137 0.000000 -1.225982
v -0.259849 0.095671 -1.207317
v -0.270422 0.176777 -1.154165
v -0.286245 0.230970 -1.074618
v -0.304910 0.250000 -0.980785
v -0.323574 0.230970 -0.886953
v -0.339397 0.176777 -0.807405
v -0.349970 0.095671 -0.754253
v -0.353682 0.000000 -0.735589
v -0.349970 -0.095671 -0.754253
v -0.339397 -0.176777 -0.807405
v -0.323574 -0.230970 -0.886953
v -0.304910 -0.250000 -0.980785
v -0.286245 -0.230970 -1.074618
v -0.270422 -0.176777 -1.154165
v -0.259849 -0.095671 -1.207317
v -0.500000 0.000000 -1.250000
v -0.500000 0.095671 -1.230970
v -0.500000 0.176777 -1.176777
v -0.500000 0.230970 -1.095671
v -0.500000 0.250000 -1.000000
v -0.500000 0.230970 -0.904329
v -0.500000 0.176777 -0.823223
v -0.500000 0.095671 -0.769030
v -0.500000 0.000000 -0.750000
v -0.500000 -0.095671 -0.769030
v -0.500000 -0.176777 -0.823223
v -0.500000 -0.230970 -0.904329
v -0.500000 -0.250000 -1.000000
v -0.500000 -0.230970 -1.095671
v -0.500000 -0.176777 -1.176777
v -0.500000 -0.095671 -1.230970
v -0.743863 0.000000 -1.225982
v -0.740150 0.095671 -1.207317
v -0.729578 0.176777 -1.154165
v -0.713755 0.230970 -1.074618
v -0.695090 0.250000 -0.980785
v -0.676426 0.230970 -0.886953
v -0.660603 0.176777 -0.807405
v -0.650030 0.095671 -0.754253
v -0.646318 0.000000 -0.735589
v -0.650030 -0.095671 -0.754253
v -0.660603 -0.176777 -0.807405
v -0.676426 -0.230970 -0.886953
v -0.695090 -0.250000 -0.980785
v -0.713755 -0.230970 -1.074618
v -0.729578 -0.176777 -1.154165
v -0.740150 -0.095671 -1.207317
v -0.978354 0.000000 -1.154849
v -0.971072 0.095671 -1.137268
v -0.950333 0.176777 -1.087200
v -0.919295 0.230970 -1.012268
v -0.882684 0.250000 -0.923880
v -0.846072 0.230970 -0.835491
v -0.815034 0.176777 -0.760559
v -0.794295 0.095671 -0.710491
v -0.787013 0.000000 -0.692910
v -0.794295 -0.095671 -0.710491
v -0.815034 -0.176777 -0.760559
v -0.846072 -0.230970 -0.835491
v -0.882684 -0.250000 -0.923880
v -0.919295 -0.230970 -1.012268
v -0.950333 -0.176777 -1.087200
v -0.971072 -0.095671 -1.137268
v -1.194462 0.000000 -1.039337
v -1.183890 0.095671 -1.023514
v -1.153782 0.176777 -0.978454
v -1.108722 0.230970 -0.911017
v -1.055570 0.250000 -0.831470
v -1.002418 0.230970 -0.751922
v -0.957358 0.176777 -0.684485
v -0.927250 0.095671 -0.639425
v -0.916677 0.000000 -0.623602
v -0.927250 -0.095671 -0.639425
v -0.957358 -0.176777 -0.684485
v -1.002418 -0.230970 -0.751922
v -1.055570 -0.250000 -0.831470
v -1.108722 -0.230970 -0.911017
v -1.153782 -0.176777 -0.978454
v -1.183890 -0.095671 -1.023514
v -1.383884 0.000000 -0.883883
v -1.370427 0.095671 -0.870427
v -1.332107 0.176777 -0.832107
v -1.274756 0.230970 -0.774756
v -1.207107 0.250000 -0.707107
v -1.139457 0.230970 -0.639457
v -1.082107 0.176777 -0.582107
v -1.043787 0.095671 -0.543786
v -1.030330 0.000000 -0.530330
v -1.043787 -0.095671 -0.543786
v -1.082107 -0.176777 -0.582107
v -1.139457 -0.230970 -0.639457
v -1.207107 -0.250000 -0.707107
v -1.274756 -0.230970 -0.774756
v -1.332107 -0.176777 -0.832107
v -1.370427 -0.095671 -0.870427
v -1.539337 0.000000 -0.694463
v -1.523514 0.095671 -0.683890
v -1.478454 0.176777 -0.653782
v -1.411017 0.230970 -0.608722
v -1.331470 0.250000 -0.555570
v -1.251922 0.230970 -0.502418
v -1.184485 0.176777 -0.457358
v -1.139425 0.095671 -0.427250
v -1.123602 0.000000 -0.416678
v -1.139425 -0.095671 -0.427250
v -1.184485 -0.176777 -0.457358
v -1.251922 -0.230970 -0.502418
v -1.331470 -0.250000 -0.555570
v -1.411017 -0.230970 -0.608722
v -1.478454 -0.176777 -0.653782
v -1.523514 -0.095671 -0.683890
v -1.654849 0.000000 -0.478354
v -1.637268 0.095671 -0.471072
v -1.587200 0.176777 -0.450333
v -1.512268 0.230970 -0.419295
v -1.423880 0.250000 -0.382683
v -1.335491 0.230970 -0.346072
v -1.260559 0.176777 -0.315034
v -1.210491 0.095671 -0.294295
v -1.192910 0.000000 -0.287013
v -1.210491 -0.095671 -0.294295
v -1.260559 -0.176777 -0.315034
v -1.335491 -0.230970 -0.346072
v -1.423880 -0.250000 -0.382683
v -1.512268 -0.230970 -0.419295
v -1.587200 -0.176777 -0.450333
v -1.637268 -0.095671 -0.471072
v -1.725982 0.000000 -0.243863
v -1.707317 0.095671 -0.240150
v -1.654165 0.176777 -0.229578
v -1.574618 0.230970 -0.213755
v -1.480785 0.250000 -0.195090
v -1.386953 0.230970 -0.176426
v -1.307405 0.176777 -0.160603
v -1.254253 0.095671 -0.150030
v -1.235589 0.000000 -0.146318
v -1.254253 -0.095671 -0.150030
v -1.307405 -0.176777 -0.160603
v -1.386953 -0.230970 -0.176426
v -1.480785 -0.250000 -0.195090
v -1.574618 -0.230970 -0.213755
v -1.654165 -0.176777 -0.229578
v -1.707317 -0.095671 -0.240150
v -1.750000 0.000000 -0.000000
v -1.730970 0.095671 -0.000000
v -1.676777 0.176777 -0.000000
v -1.595671 0.230970 -0.000000
v -1.500000 0.250000 -0.000000
v -1.404329 0.230970 -0.000000
v -1.323223 0.176777 -0.000000
v -1.269030 0.095671 -0.000000
v -1.250000 0.000000 -0.000000
v -1.269030 -0.095671 -0.000000
v -1.323223 -0.176777 -0.000000
v -1.404329 -0.230970 -0.000000
v -1.500000 -0.250000 -0.000000
v -1.595671 -0.230970 -0.000000
v -1.676777 -0.176777 -0.000000
v -1.730970 -0.095671 -0.000000
v -1.725982 0.000000 0.243863
v -1.707317 0.095671 0.240150
v -1.654165 0.176777 0.229578
v -1.574618 0.230970 0.213755
v -1.480785 0.250000 0.195090
v -1.386953 0.230970 0.176426
v -1.307405 0.176777 0.160603
v -1.254253 0.095671 0.150030
v -1.235589 0.000000 0.146318
v -1.254253 -0.095671 0.150030
v -1.307405 -0.176777 0.160603
v -1.386953 -0.230970 0.176426
v -1.480785 -0.250000 0.195090
v -1.574618 -0.230970 0.213755
v -1.654165 -0.176777 0.229578
v -1.707317 -0.095671 0.240150
v -1.654850 0.000000 0.478354
v -1.637268 0.095671 0.471071
v -1.587200 0.176777 0.450332
v -1.512268 0.230970 0.419295
v -1.423880 0.250000 0.382683
v -1.335491 0.230970 0.346071
v -1.260559 0.176777 0.315034
v -1.210491 0.095671 0.294295
v -1.192910 0.000000 0.287012
v -1.210491 -0.095671 0.294295
v -1.260559 -0.176777 0.315034
v -1.335491 -0.230970 0.346071
v -1.423880 -0.250000 0.382683
v -1.512268 -0.230970 0.419295
v -1.587200 -0.176777 0.450332
v -1.637268 -0.095671 0.471071
v -1.539337 0.000000 0.694463
v -1.523514 0.095671 0.683890
v -1.478454 0.176777 0.653782
v -1.411017 0.230970 0.608722
v -1.331470 0.250000 0.555570
v -1.251922 0.230970 0.502418
v -1.184485 0.176777 0.457358
v -1.139425 0.095671 0.427250
v -1.123602 0.000000 0.416678
v -1.139425 -0.095671 0.427250
v -1.184485 -0.176777 0.457358
v -1.251922 -0.230970 0.502418
v -1.331470 -0.250000 0.555570
v -1.411017 -0.230970 0.608722
v -1.478454 -0.176777 0.653782
v -1.523514 -0.095671 0.683890
v -1.383884 0.000000 0.883883
v -1.370427 0.095671 0.870427
v -1.332107 0.176777 0.832107
v -1.274756 0.230970 0.774756
v -1.207107 0.250000 0.707107
v -1.139457 0.230970 0.639457
v -1.082107 0.176777 0.582107
v -1.043787 0.095671 0.543786
v -1.030330 0.000000 0.530330
v -1.043787 -0.095671 0.543786
v -1.082107 -0.176777 0.582107
v -1.139457 -0.230970 0.639457
v -1.207107 -0.250000 0.707107
v -1.274756 -0.230970 0.774756
v -1.332107 -0.176777 0.832107
v -1.370427 -0.095671 0.870427
v -1.194463 0.000000 1.039337
v -1.183891 0.095671 1.023514
v -1.153783 0.176777 0.978454
v -1.108723 0.230970 0.911017
v -1.055571 0.250000 0.831469
v -1.002419 0.230970 0.751922
v -0.957359 0.176777 0.684485
v -0.927251 0.095671 0.639425
v -0.916678 0.000000 0.623602
v -0.927251 -0.095671 0.639425
v -0.957359 -0.176777 0.684485
v -1.002419 -0.230970 0.751922
v -1.055571 -0.250000 0.831469
v -1.108723 -0.230970 0.911017
v -1.153783 -0.176777 0.978454
v -1.183891 -0.095671 1.023514
v -0.978354 0.000000 1.154849
v -0.971072 0.095671 1.137268
v -0.950333 0.176777 1.087200
v -0.919295 0.230970 1.012268
v -0.882684 0.250000 0.923880
v -0.846072 0.230970 0.835491
v -0.815034 0.176777 0.760559
v -0.794295 0.095671 0.710491
v -0.787013 0.000000 0.692910
v -0.794295 -0.095671 0.710491
v -0.815034 -0.176777 0.760559
v -0.846072 -0.230970 0.835491
v -0.882684 -0.250000 0.923880
v -0.919295 -0.230970 1.012268
v -0.950333 -0.176777 1.087200
v -0.971072 -0.095671 1.137268
v -0.743863 0.000000 1.225981
v -0.740151 0.095671 1.207317
v -0.729578 0.176777 1.154165
v -0.713755 0.230970 1.074618
v -0.695091 0.250000 0.980785
v -0.676426 0.230970 0.886953
v -0.660603 0.176777 0.807405
v -0.650031 0.095671 0.754253
v -0.646318 0.000000 0.735589
v -0.650031 -0.095671 0.754253
v -0.660603 -0.176777 0.807405
v -0.676426 -0.230970 0.886953
v -0.695091 -0.250000 0.980785
v -0.713755 -0.230970 1.074618
v -0.729578 -0.176777 1.154165
v -0.740151 -0.095671 1.207317
v -0.500000 0.000000 1.250000
v -0.500000 0.095671 1.230970
v -0.500000 0.176777 1.176777
v -0.500000 0.230970 1.095671
v -0.500000 0.250000 1.000000
v -0.500000 0.230970 0.904329
v -0.500000 0.176777 0.823223
v -0.500000 0.095671 0.769030
v -0.500000 0.000000 0.750000
v -0.500000 -0.095671 0.769030
v -0.500000 -0.176777 0.823223
v -0.500000 -0.230970 0.904329
v -0.500000 -0.250000 1.000000
v -0.500000 -0.230970 1.095671
v -0.500000 -0.176777 1.176777
v -0.500000 -0.095671 1.230970
v -0.256137 0.000000 1.225982
v -0.259850 0.095671 1.207317
v -0.270423 0.176777 1.154165
v -0.286246 0.230970 1.074618
v -0.304910 0.250000 0.980785
v -0.323574 0.230970 0.886953
v -0.339397 0.176777 0.807405
v -0.349970 0.095671 0.754253
v -0.353682 0.000000 0.735589
v -0.349970 -0.095671 0.754253
v -0.339397 -0.176777 0.807405
v -0.323574 -0.230970 0.886953
v -0.304910 -0.250000 0.980785
v -0.286246 -0.230970 1.074618
v -0.270423 -0.176777 1.154165
v -0.259850 -0.095671 1.207317
v -0.021645 0.000000 1.154849
v -0.028928 0.095671 1.137268
v -0.049667 0.176777 1.087200
v -0.080705 0.230970 1.012268
v -0.117316 0.250000 0.923879
v -0.153928 0.230970 0.835491
v -0.184966 0.176777 0.760559
v -0.205705 0.095671 0.710491
v -0.212987 0.000000 0.692910
v -0.205705 -0.095671 0.710491
v -0.184966 -0.176777 0.760559
v -0.153928 -0.230970 0.835491
v -0.117316 -0.250000 0.923879
v -0.080705 -0.230970 1.012268
v -0.049667 -0.176777 1.087200
v -0.028928 -0.095671 1.137268
v 0.194463 0.000000 1.039337
v 0.183890 0.095671 1.023514
v 0.153782 0.176777 0.978454
v 0.108722 0.230970 0.911017
v 0.055570 0.250000 0.831470
v 0.002418 0.230970 0.751922
v -0.042642 0.176777 0.684485
v -0.072750 0.095671 0.639425
v -0.083322 0.000000 0.623602
v -0.072750 -0.095671 0.639425
v -0.042642 -0.176777 0.684485
v 0.002418 -0.230970 0.751922
v 0.055570 -0.250000 0.831470
v 0.108722 -0.230970 0.911017
v 0.153782 -0.176777 0.978454
v 0.183890 -0.095671 1.023514
v 0.383883 0.000000 0.883884
v 0.370427 0.095671 0.870428
v 0.332106 0.176777 0.832107
v 0.274756 0.230970 0.774757
v 0.207106 0.250000 0.707107
v 0.139457 0.230970 0.639458
v 0.082106 0.176777 0.582107
v 0.043786 0.095671 0.543787
v 0.030330 0.000000 0.530330
v 0.043786 -0.095671 0.543787
v 0.082106 -0.176777 0.582107
v 0.139457 -0.230970 0.639458
v 0.207106 -0.250000 0.707107
v 0.274756 -0.230970 0.774757
v 0.332106 -0.176777 0.832107
v 0.370427 -0.095671 0.870428
v 0.539337 0.000000 0.694463
v 0.523514 0.095671 0.683890
v 0.478454 0.176777 0.653782
v 0.411017 0.230970 0.608722
v 0.331470 0.250000 0.555570
v 0.251922 0.230970 0.502418
v 0.184485 0.176777 0.457358
v 0.139425 0.095671 0.427250
v 0.123602 0.000000 0.416678
v 0.139425 -0.095671 0.427250
v 0.184485 -0.176777 0.457358
v 0.251922 -0.230970 0.502418
v 0.331470 -0.250000 0.555570
v 0.411017 -0.230970 0.608722
v 0.478454 -0.176777 0.653782
v 0.523514 -0.095671 0.683890
v 0.654849 0.000000 0.478355
v 0.637268 0.095671 0.471072
v 0.587200 0.176777 0.450333
v 0.512268 0.230970 0.419295
v 0.423879 0.250000 0.382684
v 0.335491 0.230970 0.346072
v 0.260559 0.176777 0.315034
v 0.210491 0.095671 0.294295
v 0.192910 0.000000 0.287013
v 0.210491 -0.095671 0.294295
v 0.260559 -0.176777 0.315034
v 0.335491 -0.230970 0.346072
v 0.423879 -0.250000 0.382684
v 0.512268 -0.230970 0.419295
v 0.587200 -0.176777 0.450333
v 0.637268 -0.095671 0.471072
v 0.725982 0.000000 0.243863
v 0.707317 0.095671 0.240150
v 0.654165 0.176777 0.229578
v 0.574618 0.230970 0.213755
v 0.480785 0.250000 0.195090
v 0.386953 0.230970 0.176426
v 0.307405 0.176777 0.160603
v 0.254253 0.095671 0.150030
v 0.235589 0.000000 0.146318
v 0.254253 -0.095671 0.150030
v 0.307405 -0.176777 0.160603
v 0.386953 -0.230970 0.176426
v 0.480785 -0.250000 0.195090
v 0.574618 -0.230970 0.213755
v 0.654165 -0.176777 0.229578
v 0.707317 -0.095671 0.240150
v 1.750000 0.000000 0.000000
v 1.730970 0.000000 0.095671
v 1.676776 0.000000 0.176777
v 1.595671 0.000000 0.230970
v 1.500000 0.000000 0.250000
v 1.404329 0.000000 0.230970
v 1.323223 0.000000 0.176777
v 1.269030 0.000000 0.095671
v 1.250000 0.000000 0.000000
v 1.269030 0.000000 -0.095671
v 1.323223 0.000000 -0.176777
v 1.404329 0.000000 -0.230970
v 1.500000 0.000000 -0.250000
v 1.595671 0.000000 -0.230970
v 1.676776 0.000000 -0.176777
v 1.730970 0.000000 -0.095671
v 1.725981 0.243863 0.000000
v 1.707317 0.240150 0.095671
v 1.654165 0.229578 0.176777
v 1.574618 0.213755 0.230970
v 1.480785 0.195090 0.250000
v 1.386953 0.176426 0.230970
v 1.307405 0.160603 0.176777
v 1.254253 0.150030 0.095671
v 1.235589 0.146318 0.000000
v 1.254253 0.150030 -0.095671
v 1.307405 0.160603 -0.176777
v 1.386953 0.176426 -0.230970
v 1.480785 0.195090 -0.250000
v 1.574618 0.213755 -0.230970
v 1.654165 0.229578 -0.176777
v 1.707317 0.240150 -0.095671
v 1.654849 0.478354 0.000000
v 1.637268 0.471072 0.095671
v 1.587200 0.450333 0.176777
v 1.512268 0.419295 0.230970
v 1.423880 0.382683 0.250000
v 1.335491 0.346072 0.230970
v 1.260559 0.315034 0.176777
v 1.210491 0.294295 0.095671
v 1.192910 0.287013 0.000000
v 1.210491 0.294295 -0.095671
v 1.260559 0.315034 -0.176777
v 1.335491 0.346072 -0.230970
v 1.423880 0.382683 -0.250000
v 1.512268 0.419295 -0.230970
v 1.587200 0.450333 -0.176777
v 1.637268 0.471072 -0.095671
v 1.539337 0.694463 0.000000
v 1.523514 0.683890 0.095671
v 1.478454 0.653782 0.176777
v 1.411017 0.608722 0.230970
v 1.331470 0.555570 0.250000
v 1.251922 0.502418 0.230970
v 1.184485 0.457358 0.176777
v 1.139425 0.427250 0.095671
v 1.123602 0.416678 0.000000
v 1.139425 0.427250 -0.095671
v 1.184485 0.457358 -0.176777
v 1.251922 0.502418 -0.230970
v 1.331470 0.555570 -0.250000
v 1.411017 0.608722 -0.230970
v 1.478454 0.653782 -0.176777
v 1.523514 0.683890 -0.095671
v 1.383883 0.883884 0.000000
v 1.370427 0.870427 0.095671
v 1.332107 0.832107 0.176777
v 1.274756 0.774756 0.230970
v 1.207107 0.707107 0.250000
v 1.139457 0.639457 0.230970
v 1.082107 0.582107 0.176777
v 1.043786 0.543786 0.095671
v 1.030330 0.530330 0.000000
v 1.043786 0.543786 -0.095671
v 1.082107 0.582107 -0.176777
v 1.139457 0.639457 -0.230970
v 1.207107 0.707107 -0.250000
v 1.274756 0.774756 -0.230970
v 1.332107 0.832107 -0.176777
v 1.370427 0.870427 -0.095671
v 1.194463 1.039337 0.000000
v 1.183890 1.023514 0.095671
v 1.153782 0.978454 0.176777
v 1.108722 0.911017 0.230970
v 1.055570 0.831470 0.250000
v 1.002418 0.751922 0.230970
v 0.957358 0.684485 0.176777
v 0.927250 0.639425 0.095671
v 0.916678 0.623602 0.000000
v 0.927250 0.639425 -0.095671
v 0.957358 0.684485 -0.176777
v 1.002418 0.751922 -0.230970
v 1.055570 0.831470 -0.250000
v 1.108722 0.911017 -0.230970
v 1.153782 0.978454 -0.176777
v 1.183890 1.023514 -0.095671
v 0.978355 1.154849 0.000000
v 0.971072 1.137268 0.095671
v 0.950333 1.087200 0.176777
v 0.919295 1.012268 0.230970
v 0.882684 0.923880 0.250000
v 0.846072 0.835491 0.230970
v 0.815034 0.760559 0.176777
v 0.794295 0.710491 0.095671
v 0.787013 0.692910 0.000000
v 0.794295 0.710491 -0.095671
v 0.815034 0.760559 -0.176777
v 0.846072 0.835491 -0.230970
v 0.882684 0.923880 -0.250000
v 0.919295 1.012268 -0.230970
v 0.950333 1.087200 -0.176777
v 0.971072 1.137268 -0.095671
v 0.743863 1.225982 0.000000
v 0.740150 1.207317 0.095671
v 0.729578 1.154165 0.176777
v 0.713755 1.074618 0.230970
v 0.695090 0.980785 0.250000
v 0.676426 0.886953 0.230970
v 0.660603 0.807405 0.176777
v 0.650030 0.754253 0.095671
v 0.646318 0.735589 0.000000
v 0.650030 0.754253 -0.095671
v 0.660603 0.807405 -0.176777
v 0.676426 0.886953 -0.230970
v 0.695090 0.980785 -0.250000
v 0.713755 1.074618 -0.230970
v 0.729578 1.154165 -0.176777
v 0.740150 1.207317 -0.095671
v 0.500000 1.250000 0.000000
v 0.500000 1.230970 0.095671
v 0.500000 1.176777 0.176777
v 0.500000 1.095671 0.230970
v 0.500000 1.000000 0.250000
v 0.500000 0.904329 0.230970
v 0.500000 0.823223 0.176777
v 0.500000 0.769030 0.095671
v 0.500000 0.750000 0.000000
v 0.500000 0.769030 -0.095671
v 0.500000 0.823223 -0.176777
v 0.500000 0.904329 -0.230970
v 0.500000 1.000000 -0.250000
v 0.500000 1.095671 -0.230970
v 0.500000 1.176777 -0.176777
v 0.500000 1.230970 -0.095671
v 0.256137 1.225982 0.000000
v 0.259850 1.207317 0.095671
v 0.270422 1.154165 0.176777
v 0.286245 1.074618 0.230970
v 0.304910 0.980785 0.250000
v 0.323574 0.886953 0.230970
v 0.339397 0.807405 0.176777
v 0.349970 0.754253 0.095671
v 0.353682 0.735589 0.000000
v 0.349970 0.754253 -0.095671
v 0.339397 0.807405 -0.176777
v 0.323574 0.886953 -0.230970
v 0.304910 0.980785 -0.250000
v 0.286245 1.074618 -0.230970
v 0.270422 1.154165 -0.176777
v 0.259850 1.207317 -0.095671
v 0.021646 1.154849 0.000000
v 0.028928 1.137268 0.095671
v 0.049667 1.087200 0.176777
v 0.080705 1.012268 0.230970
v 0.117316 0.923880 0.250000
v 0.153928 0.835491 0.230970
v 0.184966 0.760559 0.176777
v 0.205705 0.710491 0.095671
v 0.212987 0.692910 0.000000
v 0.205705 0.710491 -0.095671
v 0.184966 0.760559 -0.176777
v 0.153928 0.835491 -0.230970
v 0.117316 0.923880 -0.250000
v 0.080705 1.012268 -0.230970
v 0.049667 1.087200 -0.176777
v 0.028928 1.137268 -0.095671
v -0.194462 1.039337 0.000000
v -0.183890 1.023514 0.095671
v -0.153782 0.978454 0.176777
v -0.108722 0.911017 0.230970
v -0.055570 0.831470 0.250000
v -0.002418 0.751922 0.230970
v 0.042642 0.684485 0.176777
v 0.072750 0.639425 0.095671
v 0.083323 0.623602 0.000000
v 0.072750 0.639425 -0.095671
v 0.042642 0.684485 -0.176777
v -0.002418 0.751922 -0.230970
v -0.055570 0.831470 -0.250000
v -0.108722 0.911017 -0.230970
v -0.153782 0.978454 -0.176777
v -0.183890 1.023514 -0.095671
v -0.383884 0.883883 0.000000
v -0.370427 0.870427 0.095671
v -0.332107 0.832107 0.176777
v -0.274756 0.774756 0.230970
v -0.207107 0.707107 0.250000
v -0.139457 0.639457 0.230970
v -0.082107 0.582107 0.176777
v -0.043786 0.543786 0.095671
v -0.030330 0.530330 0.000000
v -0.043786 0.543786 -0.095671
v -0.082107 0.582107 -0.176777
v -0.139457 0.639457 -0.230970
v -0.207107 0.707107 -0.250000
v -0.274756 0.774756 -0.230970
v -0.332107 0.832107 -0.176777
v -0.370427 0.870427 -0.095671
v -0.539337 0.694463 0.000000
v -0.523514 0.683890 0.095671
v -0.478454 0.653782 0.176777
v -0.411017 0.608722 0.230970
v -0.331469 0.555570 0.250000
v -0.251922 0.502419 0.230970
v -0.184485 0.457359 0.176777
v -0.139425 0.427250 0.095671
v -0.123602 0.416678 0.000000
v -0.139425 0.427250 -0.095671
v -0.184485 0.457358 -0.176777
v -0.251922 0.502419 -0.230970
v -0.331469 0.555570 -0.250000
v -0.411017 0.608722 -0.230970
v -0.478454 0.653782 -0.176777
v -0.523514 0.683890 -0.095671
v -0.654849 0.478354 0.000000
v -0.637268 0.471072 0.095671
v -0.587200 0.450333 0.176777
v -0.512268 0.419295 0.230970
v -0.423879 0.382684 0.250000
v -0.335491 0.346072 0.230970
v -0.260559 0.315034 0.176777
v -0.210491 0.294295 0.095671
v -0.192910 0.287013 0.000000
v -0.210491 0.294295 -0.095671
v -0.260559 0.315034 -0.176777
v -0.335491 0.346072 -0.230970
v -0.423879 0.382684 -0.250000
v -0.512268 0.419295 -0.230970
v -0.587200 0.450333 -0.176777
v -0.637268 0.471072 -0.095671
v -0.725981 0.243863 0.000000
v -0.707317 0.240150 0.095671
v -0.654165 0.229578 0.176777
v -0.574618 0.213755 0.230970
v -0.480785 0.195090 0.250000
v -0.386953 0.176426 0.230970
v -0.307405 0.160603 0.176777
v -0.254253 0.150030 0.095671
v -0.235589 0.146318 0.000000
v -0.254253 0.150030 -0.095671
v -0.307405 0.160603 -0.176777
v -0.386953 0.176426 -0.230970
v -0.480785 0.195090 -0.250000
v -0.574618 0.213755 -0.230970
v -0.654165 0.229578 -0.176777
v -0.707317 0.240150 -0.095671
v -0.750000 0.000000 0.000000
v -0.730970 0.000000 0.095671
v -0.676777 0.000000 0.176777
v -0.595671 0.000000 0.230970
v -0.500000 0.000000 0.250000
v -0.404329 0.000000 0.230970
v -0.323223 0.000000 0.176777
v -0.269030 0.000000 0.095671
v -0.250000 0.000000 0.000000
v -0.269030 0.000000 -0.095671
v -0.323223 0.000000 -0.176777
v -0.404329 0.000000 -0.230970
v -0.500000 0.000000 -0.250000
v -0.595671 0.000000 -0.230970
v -0.676777 0.000000 -0.176777
v -0.730970 0.000000 -0.095671
v -0.725981 -0.243863 0.000000
v -0.707317 -0.240150 0.095671
v -0.654165 -0.229578 0.176777
v -0.574618 -0.213755 0.230970
v -0.480785 -0.195090 0.250000
v -0.386953 -0.176426 0.230970
v -0.307405 -0.160603 0.176777
v -0.254253 -0.150030 0.095671
v -0.235589 -0.146318 0.000000
v -0.254253 -0.150030 -0.095671
v -0.307405 -0.160603 -0.176777
v -0.386953 -0.176426 -0.230970
v -0.480785 -0.195090 -0.250000
v -0.574618 -0.213755 -0.230970
v -0.654165 -0.229578 -0.176777
v -0.707317 -0.240150 -0.095671
v -0.654850 -0.478354 0.000000
v -0.637268 -0.471071 0.095671
v -0.587200 -0.450332 0.176777
v -0.512268 -0.419295 0.230970
v -0.423880 -0.382683 0.250000
v -0.335491 -0.346071 0.230970
v -0.260559 -0.315034 0.176777
v -0.210491 -0.294295 0.095671
v -0.192910 -0.287012 0.000000
v -0.210491 -0.294295 -0.095671
v -0.260559 -0.315034 -0.176777
v -0.335491 -0.346071 -0.230970
v -0.423880 -0.382683 -0.250000
v -0.512268 -0.419295 -0.230970
v -0.587200 -0.450332 -0.176777
v -0.637268 -0.471071 -0.095671
v -0.539337 -0.694463 0.000000
v -0.523514 -0.683890 0.095671
v -0.478454 -0.653782 0.176777
v -0.411017 -0.608722 0.230970
v -0.331469 -0.555570 0.250000
v -0.251922 -0.502418 0.230970
v -0.184485 -0.457358 0.176777
v -0.139425 -0.427250 0.095671
v -0.123602 -0.416678 0.000000
v -0.139425 -0.427250 -0.095671
v -0.184485 -0.457358 -0.176777
v -0.251922 -0.502418 -0.230970
v -0.331469 -0.555570 -0.250000
v -0.411017 -0.608722 -0.230970
v -0.478454 -0.653782 -0.176777
v -0.523514 -0.683890 -0.095671
v -0.383884 -0.883883 0.000000
v -0.370427 -0.870427 0.095671
v -0.332107 -0.832106 0.176777
v -0.274756 -0.774756 0.230970
v -0.207107 -0.707107 0.250000
v -0.139457 -0.639457 0.230970
v -0.082107 -0.582107 0.176777
v -0.043786 -0.543786 0.095671
v -0.030330 -0.530330 0.000000
v -0.043786 -0.543786 -0.095671
v -0.082107 -0.582107 -0.176777
v -0.139457 -0.639457 -0.230970
v -0.207107 -0.707107 -0.250000
v -0.274756 -0.774756 -0.230970
v -0.332107 -0.832106 -0.176777
v -0.370427 -0.870427 -0.095671
v -0.194463 -1.039337 0.000000
v -0.183891 -1.023514 0.095671
v -0.153783 -0.978453 0.176777
v -0.108723 -0.911016 0.230970
v -0.055571 -0.831469 0.250000
v -0.002419 -0.751922 0.230970
v 0.042641 -0.684485 0.176777
v 0.072749 -0.639425 0.095671
v 0.083322 -0.623602 0.000000
v 0.072749 -0.639425 -0.095671
v 0.042641 -0.684485 -0.176777
v -0.002419 -0.751922 -0.230970
v -0.055571 -0.831469 -0.250000
v -0.108723 -0.911017 -0.230970
v -0.153783 -0.978454 -0.176777
v -0.183891 -1.023514 -0.095671
v 0.021646 -1.154849 0.000000
v 0.028928 -1.137268 0.095671
v 0.049667 -1.087200 0.176777
v 0.080705 -1.012268 0.230970
v 0.117316 -0.923879 0.250000
v 0.153928 -0.835491 0.230970
v 0.184966 -0.760559 0.176777
v 0.205705 -0.710491 0.095671
v 0.212987 -0.692910 0.000000
v 0.205705 -0.710491 -0.095671
v 0.184966 -0.760559 -0.176777
v 0.153928 -0.835491 -0.230970
v 0.117316 -0.923879 -0.250000
v 0.080705 -1.012268 -0.230970
v 0.049667 -1.087200 -0.176777
v 0.028928 -1.137268 -0.095671
v 0.256137 -1.225981 0.000000
v 0.259849 -1.207317 0.095671
v 0.270422 -1.154165 0.176777
v 0.286245 -1.074618 0.230970
v 0.304909 -0.980785 0.250000
v 0.323574 -0.886953 0.230970
v 0.339397 -0.807405 0.176777
v 0.349969 -0.754253 0.095671
v 0.353682 -0.735589 0.000000
v 0.349969 -0.754253 -0.095671
v 0.339397 -0.807405 -0.176777
v 0.323574 -0.886953 -0.230970
v 0.304909 -0.980785 -0.250000
v 0.286245 -1.074618 -0.230970
v 0.270422 -1.154165 -0.176777
v 0.259849 -1.207317 -0.095671
v 0.500000 -1.250000 0.000000
v 0.500000 -1.230970 0.095671
v 0.500000 -1.176777 0.176777
v 0.500000 -1.095671 0.230970
v 0.500000 -1.000000 0.250000
v 0.500000 -0.904329 0.230970
v 0.500000 -0.823223 0.176777
v 0.500000 -0.769030 0.095671
v 0.500000 -0.750000 0.000000
v 0.500000 -0.769030 -0.095671
v 0.500000 -0.823223 -0.176777
v 0.500000 -0.904329 -0.230970
v 0.500000 -1.000000 -0.250000
v 0.500000 -1.095671 -0.230970
v 0.500000 -1.176777 -0.176777
v 0.500000 -1.230970 -0.095671
v 0.743863 -1.225982 0.000000
v 0.740150 -1.207317 0.095671
v 0.729577 -1.154165 0.176777
v 0.713754 -1.074618 0.230970
v 0.695090 -0.980785 0.250000
v 0.676426 -0.886953 0.230970
v 0.660603 -0.807405 0.176777
v 0.650030 -0.754253 0.095671
v 0.646317 -0.735589 0.000000
v 0.650030 -0.754253 -0.095671
v 0.660603 -0.807405 -0.176777
v 0.676426 -0.886953 -0.230970
v 0.695090 -0.980785 -0.250000
v 0.713754 -1.074618 -0.230970
v 0.729577 -1.154165 -0.176777
v 0.740150 -1.207317 -0.095671
v 0.978355 -1.154849 0.000000
v 0.971072 -1.137268 0.095671
v 0.950333 -1.087200 0.176777
v 0.919295 -1.012268 0.230970
v 0.882684 -0.923879 0.250000
v 0.846072 -0.835491 0.230970
v 0.815034 -0.760559 0.176777
v 0.794295 -0.710491 0.095671
v 0.787013 -0.692910 0.000000
v 0.794295 -0.710491 -0.095671
v 0.815034 -0.760559 -0.176777
v 0.846072 -0.835491 -0.230970
v 0.882684 -0.923879 -0.250000
v 0.919295 -1.012268 -0.230970
v 0.950333 -1.087200 -0.176777
v 0.971072 -1.137268 -0.095671
v 1.194463 -1.039337 0.000000
v 1.183890 -1.023514 0.095671
v 1.153782 -0.978454 0.176777
v 1.108722 -0.911017 0.230970
v 1.055570 -0.831470 0.250000
v 1.002418 -0.751922 0.230970
v 0.957358 -0.684485 0.176777
v 0.927250 -0.639425 0.095671
v 0.916678 -0.623602 0.000000
v 0.927250 -0.639425 -0.095671
v 0.957358 -0.684485 -0.176777
v 1.002418 -0.751922 -0.230970
v 1.055570 -0.831470 -0.250000
v 1.108722 -0.911017 -0.230970
v 1.153782 -0.978454 -0.176777
v 1.183890 -1.023514 -0.095671
v 1.383883 -0.883884 0.000000
v 1.370427 -0.870428 0.095671
v 1.332106 -0.832107 0.176777
v 1.274756 -0.774757 0.230970
v 1.207106 -0.707107 0.250000
v 1.139457 -0.639458 0.230970
v 1.082106 -0.582107 0.176777
v 1.043786 -0.543787 0.095671
v 1.030330 -0.530330 0.000000
v 1.043786 -0.543787 -0.095671
v 1.082106 -0.582107 -0.176777
v 1.139457 -0.639458 -0.230970
v 1.207106 -0.707107 -0.250000
v 1.274756 -0.774757 -0.230970
v 1.332106 -0.832107 -0.176777
v 1.370427 -0.870428 -0.095671
v 1.539337 -0.694463 0.000000
v 1.523514 -0.683890 0.095671
v 1.478454 -0.653782 0.176777
v 1.411017 -0.608722 0.230970
v 1.331470 -0.555570 0.250000
v 1.251922 -0.502418 0.230970
v 1.184485 -0.457358 0.176777
v 1.139425 -0.427250 0.095671
v 1.123602 -0.416678 0.000000
v 1.139425 -0.427250 -0.095671
v 1.184485 -0.457358 -0.176777
v 1.251922 -0.502418 -0.230970
v 1.331470 -0.555570 -0.250000
v 1.411017 -0.608722 -0.230970
v 1.478454 -0.653782 -0.176777
v 1.523514 -0.683890 -0.095671
v 1.654849 -0.478355 0.000000
v 1.637268 -0.471072 0.095671
v 1.587200 -0.450333 0.176777
v 1.512268 -0.419295 0.230970
v 1.423879 -0.382684 0.250000
v 1.335491 -0.346072 0.230970
v 1.260559 -0.315034 0.176777
v 1.210491 -0.294295 0.095671
v 1.192909 -0.287013 0.000000
v 1.210491 -0.294295 -0.095671
v 1.260559 -0.315034 -0.176777
v 1.335491 -0.346072 -0.230970
v 1.423879 -0.382684 -0.250000
v 1.512268 -0.419295 -0.230970
v 1.587200 -0.450333 -0.176777
v 1.637268 -0.471072 -0.095671
v 1.725981 -0.243863 0.000000
v 1.707317 -0.240150 0.095671
v 1.654165 -0.229577 0.176777
v 1.574618 -0.213755 0.230970
v 1.480785 -0.195090 0.250000
v 1.386953 -0.176426 0.230970
v 1.307405 -0.160603 0.176777
v 1.254253 -0.150030 0.095671
v 1.235589 -0.146318 0.000000
v 1.254253 -0.150030 -0.095671
v 1.307405 -0.160603 -0.176777
v 1.386953 -0.176426 -0.230970
v 1.480785 -0.195090 -0.250000
v 1.574618 -0.213755 -0.230970
v 1.654165 -0.229577 -0.176777
v 1.707317 -0.240150 -0.095671
vn 0.9762 0.1942 -0.0962
vn 0.8287 0.5537 -0.0816
vn 0.5547 0.8302 -0.0546
vn 0.1951 0.9806 -0.0192
vn -0.1951 0.9806 0.0192
vn -0.5547 0.8302 0.0546
vn -0.8287 0.5537 0.0816
vn -0.9762 0.1942 0.0962
vn -0.9762 -0.1942 0.0962
vn -0.8287 -0.5537 0.0816
vn -0.5547 -0.8302 0.0546
vn -0.1951 -0.9806 0.0192
vn 0.1951 -0.9806 -0.0192
vn 0.5547 -0.8302 -0.0546
vn 0.8287 -0.5537 -0.0816
vn 0.9762 -0.1942 -0.0962
vn 0.9387 0.1942 -0.2848
vn 0.7968 0.5537 -0.2417
vn 0.5334 0.8302 -0.1618
vn 0.1876 0.9806 -0.0569
vn -0.1876 0.9806 0.0569
vn -0.5334 0.8302 0.1618
vn -0.7968 0.5537 0.2417
vn -0.9387 0.1942 0.2848
vn -0.9387 -0.1942 0.2848
vn -0.7968 -0.5537 0.2417
vn -0.5334 -0.8302 0.1618
vn -0.1876 -0.9806 0.0569
vn 0.1876 -0.9806 -0.0569
vn 0.5334 -0.8302 -0.1618
vn 0.7968 -0.5537 -0.2417
vn 0.9387 -0.1942 -0.2848
vn 0.8651 0.1942 -0.4624
vn 0.7344 0.5537 -0.3925
vn 0.4916 0.8302 -0.2628
vn 0.1729 0.9806 -0.0924
vn -0.1729 0.9806 0.0924
vn -0.4916 0.8302 0.2628
vn -0.7344 0.5537 0.3925
vn -0.8651 0.1942 0.4624
vn -0.8651 -0.1942 0.4624
vn -0.7344 -0.5537 0.3925
vn -0.4916 -0.8302 0.2628
vn -0.1729 -0.9806 0.0924
vn 0.1729 -0.9806 -0.0924
vn 0.4916 -0.8302 -0.2628
vn 0.7344 -0.5537 -0.3925
vn 0.8651 -0.1942 -0.4624
vn 0.7583 0.1942 -0.6223
vn 0.6437 0.5537 -0.5283
vn 0.4309 0.8302 -0.3536
vn 0.1515 0.9806 -0.1243
vn -0.1515 0.9806 0.1243
vn -0.4309 0.8302 0.3536
vn -0.6437 0.5537 0.5283
vn -0.7583 0.1942 0.6223
vn -0.7583 -0.1942 0.6223
vn -0.6437 -0.5537 0.5283
vn -0.4309 -0.8302 0.3536
vn -0.1515 -0.9806 0.1243
vn 0.1515 -0.9806 -0.1243
vn 0.4309 -0.8302 -0.3536
vn 0.6437 -0.5537 -0.5283
vn 0.7583 -0.1942 -0.6223
vn 0.6223 0.1942 -0.7583
vn 0.5283 0.5537 -0.6437
vn 0.3536 0.8302 -0.4309
vn 0.1243 0.9806 -0.1515
vn -0.1243 0.9806 0.1515
vn -0.3536 0.8302 0.4309
vn -0.5283 0.5537 0.6437
vn -0.6223 0.1942 0.7583
vn -0.6223 -0.1942 0.7583
vn -0.5283 -0.5537 0.6437
vn -0.3536 -0.8302 0.4309
vn -0.1243 -0.9806 0.1515
vn 0.1243 -0.9806 -0.1515
vn 0.3536 -0.8302 -0.4309
vn 0.5283 -0.5537 -0.6437
vn 0.6223 -0.1942 -0.7583
vn 0.4624 0.1942 -0.8651
vn 0.3925 0.5537 -0.7344
vn 0.2628 0.8302 -0.4916
vn 0.0924 0.9806 -0.1729
vn -0.0924 0.9806 0.1729
vn -0.2628 0.8302 0.4916
vn -0.3925 0.5537 0.7344
vn -0.4624 0.1942 0.8651
vn -0.4624 -0.1942 0.8651
vn -0.3925 -0.5537 0.7344
vn -0.2628 -0.8302 0.4916
vn -0.0924 -0.9806 0.1729
vn 0.0924 -0.9806 -0.1729
vn 0.2628 -0.8302 -0.4916
vn 0.3925 -0.5537 -0.7344
vn 0.4624 -0.1942 -0.8651
vn 0.2848 0.1942 -0.9387
vn 0.2417 0.5537 -0.7968
vn 0.1618 0.8302 -0.5334
vn 0.0569 0.9806 -0.1876
vn -0.0569 0.9806 0.1876
vn -0.1618 0.8302 0.5334
vn -0.2417 0.5537 0.7968
vn -0.2848 0.1942 0.9387
vn -0.2848 -0.1942 0.9387
vn -0.2417 -0.5537 0.7968
vn -0.1618 -0.8302 0.5334
vn -0.0569 -0.9806 0.1876
vn 0.0569 -0.9806 -0.1876
vn 0.1618 -0.8302 -0.5334
vn 0.2417 -0.5537 -0.7968
vn 0.2848 -0.1942 -0.9387
vn 0.0962 0.1942 -0.9762
vn 0.0816 0.5537 -0.8287
vn 0.0546 0.8302 -0.5547
vn 0.0192 0.9806 -0.1951
vn -0.0192 0.9806 0.1951
vn -0.0546 0.8302 0.5547
vn -0.0816 0.5537 0.8287
vn -0.0962 0.1942 0.9762
vn -0.0962 -0.1942 0.9762
vn -0.0816 -0.5537 0.8287
vn -0.0546 -0.8302 0.5547
vn -0.0192 -0.9806 0.1951
vn 0.0192 -0.9806 -0.1951
vn 0.0546 -0.8302 -0.5547
vn 0.0816 -0.5537 -0.8287
vn 0.0962 -0.1942 -0.9762
vn -0.0962 0.1942 -0.9762
vn -0.0816 0.5537 -0.8287
vn -0.0546 0.8302 -0.5547
vn -0.0192 0.9806 -0.1951
vn 0.0192 0.9806 0.1951
vn 0.0546 0.8302 0.5547
vn 0.0816 0.5537 0.8287
vn 0.0962 0.1942 0.9762
vn 0.0962 -0.1942 0.9762
vn 0.0816 -0.5537 0.8287
vn 0.0546 -0.8302 0.5547
vn 0.0192 -0.9806 0.1951
vn -0.0192 -0.9806 -0.1951
vn -0.0546 -0.8302 -0.5547
vn -0.0816 -0.5537 -0.8287
vn -0.0962 -0.1942 -0.9762
vn -0.2848 0.1942 -0.9387
vn -0.2417 0.5537 -0.7968
vn -0.1618 0.8302 -0.5334
vn -0.0569 0.9806 -0.1876
vn 0.0569 0.9806 0.1876
vn 0.1618 0.8302 0.5334
vn 0.2417 0.5537 0.7968
vn 0.2848 0.1942 0.9387
vn 0.2848 -0.1942 0.9387
vn 0.2417 -0.5537 0.7968
vn 0.1618 -0.8302 0.5334
vn 0.0569 -0.9806 0.1876
vn -0.0569 -0.9806 -0.1876
vn -0.1618 -0.8302 -0.5334
vn -0.2417 -0.5537 -0.7968
vn -0.2848 -0.1942 -0.9387
vn -0.4624 0.1942 -0.8651
vn -0.3925 0.5537 -0.7344
vn -0.2628 0.8302 -0.4916
vn -0.0924 0.9806 -0.1729
vn 0.0924 0.9806 0.1729
vn 0.2628 0.8302 0.4916
vn 0.3925 0.5537 0.7344
vn 0.4624 0.1942 0.8651
vn 0.4624 -0.1942 0.8651
vn 0.3925 -0.5537 0.7344
vn 0.2628 -0.8302 0.4916
vn 0.0924 -0.9806 0.1729
vn -0.0924 -0.9806 -0.1729
vn -0.2628 -0.8302 -0.4916
vn -0.3925 -0.5537 -0.7344
vn -0.4624 -0.1942 -0.8651
vn -0.6223 0.1942 -0.7583
vn -0.5283 0.5537 -0.6437
vn -0.3536 0.8302 -0.4309
vn -0.1243 0.9806 -0.1515
vn 0.1243 0.9806 0.1515
vn 0.3536 0.8302 0.4309
vn 0.5283 0.5537 0.6437
vn 0.6223 0.1942 0.7583
vn 0.6223 -0.1942 0.7583
vn 0.5283 -0.5537 0.6437
vn 0.3536 -0.8302 0.4309
vn 0.1243 -0.9806 0.1515
vn -0.1243 -0.9806 -0.1515
vn -0.3536 -0.8302 -0.4309
vn -0.5283 -0.5537 -0.6437
vn -0.6223 -0.1942 -0.7583
vn -0.7583 0.1942 -0.6223
vn -0.6437 0.5537 -0.5283
vn -0.4309 0.8302 -0.3536
vn -0.1515 0.9806 -0.1243
vn 0.1515 0.9806 0.1243
vn 0.4309 0.8302 0.3536
vn 0.6437 0.5537 0.5283
vn 0.7583 0.1942 0.6223
vn 0.7583 -0.1942 0.6223
vn 0.6437 -0.5537 0.5283
vn 0.4309 -0.8302 0.3536
vn 0.1515 -0.9806 0.1243
vn -0.1515 -0.9806 -0.1243
vn -0.4309 -0.8302 -0.3536
vn -0.6437 -0.5537 -0.5283
vn -0.7583 -0.1942 -0.6223
vn -0.8651 0.1942 -0.4624
vn -0.7344 0.5537 -0.3925
vn -0.4916 0.8302 -0.2628
vn -0.1729 0.9806 -0.0924
vn 0.1729 0.9806 0.0924
vn 0.4916 0.8302 0.2628
vn 0.7344 0.5537 0.3925
vn 0.8651 0.1942 0.4624
vn 0.8651 -0.1942 0.4624
vn 0.7344 -0.5537 0.3925
vn 0.4916 -0.8302 0.2628
vn 0.1729 -0.9806 0.0924
vn -0.1729 -0.9806 -0.0924
vn -0.4916 -0.8302 -0.2628
vn -0.7344 -0.5537 -0.3925
vn -0.8651 -0.1942 -0.4624
vn -0.9387 0.1942 -0.2848
vn -0.7968 0.5537 -0.2417
vn -0.5334 0.8302 -0.1618
vn -0.1876 0.9806 -0.0569
vn 0.1876 0.9806 0.0569
vn 0.5334 0.8302 0.1618
vn 0.7968 0.5537 0.2417
vn 0.9387 0.1942 0.2848
vn 0.9387 -0.1942 0.2848
vn 0.7968 -0.5537 0.2417
vn 0.5334 -0.8302 0.1618
vn 0.1876 -0.9806 0.0569
vn -0.1876 -0.9806 -0.0569
vn -0.5334 -0.8302 -0.1618
vn -0.7968 -0.5537 -0.2417
vn -0.9387 -0.1942 -0.2848
vn -0.9762 0.1942 -0.0962
vn -0.8287 0.5537 -0.0816
vn -0.5547 0.8302 -0.0546
vn -0.1951 0.9806 -0.0192
vn 0.1951 0.9806 0.0192
vn 0.5547 0.8302 0.0546
vn 0.8287 0.5537 0.0816
vn 0.9762 0.1942 0.0962
vn 0.9762 -0.1942 0.0962
vn 0.8287 -0.5537 0.0816
vn 0.5547 -0.8302 0.0546
vn 0.1951 -0.9806 0.0192
vn -0.1951 -0.9806 -0.0192
vn -0.5547 -0.8302 -0.0546
vn -0.8287 -0.5537 -0.0816
vn -0.9762 -0.1942 -0.0962
vn -0.2417 0.5537 0.7969
vn 0.9762 0.0962 0.1942
vn 0.8287 0.0816 0.5537
vn 0.5547 0.0546 0.8302
vn 0.1951 0.0192 0.9806
vn -0.1951 -0.0192 0.9806
vn -0.5547 -0.0546 0.8302
vn -0.8287 -0.0816 0.5537
vn -0.9762 -0.0962 0.1942
vn -0.9762 -0.0962 -0.1942
vn -0.8287 -0.0816 -0.5537
vn -0.5547 -0.0546 -0.8302
vn -0.1951 -0.0192 -0.9806
vn 0.1951 0.0192 -0.9806
vn 0.5547 0.0546 -0.8302
vn 0.8287 0.0816 -0.5537
vn 0.9762 0.0962 -0.1942
vn 0.9387 0.2848 0.1942
vn 0.7968 0.2417 0.5537
vn 0.5334 0.1618 0.8302
vn 0.1876 0.0569 0.9806
vn -0.1876 -0.0569 0.9806
vn -0.5334 -0.1618 0.8302
vn -0.7968 -0.2417 0.5537
vn -0.9387 -0.2848 0.1942
vn -0.9387 -0.2848 -0.1942
vn -0.7968 -0.2417 -0.5537
vn -0.5334 -0.1618 -0.8302
vn -0.1876 -0.0569 -0.9806
vn 0.1876 0.0569 -0.9806
vn 0.5334 0.1618 -0.8302
vn 0.7968 0.2417 -0.5537
vn 0.9387 0.2848 -0.1942
vn 0.8651 0.4624 0.1942
vn 0.7344 0.3925 0.5537
vn 0.4916 0.2628 0.8302
vn 0.1729 0.0924 0.9806
vn -0.1729 -0.0924 0.9806
vn -0.4916 -0.2628 0.8302
vn -0.7344 -0.3925 0.5537
vn -0.8651 -0.4624 0.1942
vn -0.8651 -0.4624 -0.1942
vn -0.7344 -0.3925 -0.5537
vn -0.4916 -0.2628 -0.8302
vn -0.1729 -0.0924 -0.9806
vn 0.1729 0.0924 -0.9806
vn 0.4916 0.2628 -0.8302
vn 0.7344 0.3925 -0.5537
vn 0.8651 0.4624 -0.1942
vn 0.7583 0.6223 0.1942
vn 0.6437 0.5283 0.5537
vn 0.4309 0.3536 0.8302
vn 0.1515 0.1243 0.9806
vn -0.1515 -0.1243 0.9806
vn -0.4309 -0.3536 0.8302
vn -0.6437 -0.5283 0.5537
vn -0.7583 -0.6223 0.1942
vn -0.7583 -0.6223 -0.1942
vn -0.6437 -0.5283 -0.5537
vn -0.4309 -0.3536 -0.8302
vn -0.1515 -0.1243 -0.9806
vn 0.1515 0.1243 -0.9806
vn 0.4309 0.3536 -0.8302
vn 0.6437 0.5283 -0.5537
vn 0.7583 0.6223 -0.1942
vn 0.6223 0.7583 0.1942
vn 0.5283 0.6437 0.5537
vn 0.3536 0.4309 0.8302
vn 0.1243 0.1515 0.9806
vn -0.1243 -0.1515 0.9806
vn -0.3536 -0.4309 0.8302
vn -0.5283 -0.6437 0.5537
vn -0.6223 -0.7583 0.1942
vn -0.6223 -0.7583 -0.1942
vn -0.5283 -0.6437 -0.5537
vn -0.3536 -0.4309 -0.8302
vn -0.1243 -0.1515 -0.9806
vn 0.1243 0.1515 -0.9806
vn 0.3536 0.4309 -0.8302
vn 0.5283 0.6437 -0.5537
vn 0.6223 0.7583 -0.1942
vn 0.4624 0.8651 0.1942
vn 0.3925 0.7344 0.5537
vn 0.2628 0.4916 0.8302
vn 0.0924 0.1729 0.9806
vn -0.0924 -0.1729 0.9806
vn -0.2628 -0.4916 0.8302
vn -0.3925 -0.7344 0.5537
vn -0.4624 -0.8651 0.1942
vn -0.4624 -0.8651 -0.1942
vn -0.3925 -0.7344 -0.5537
vn -0.2628 -0.4916 -0.8302
vn -0.0924 -0.1729 -0.9806
vn 0.0924 0.1729 -0.9806
vn 0.2628 0.4916 -0.8302
vn 0.3925 0.7344 -0.5537
vn 0.4624 0.8651 -0.1942
vn 0.2848 0.9387 0.1942
vn 0.2417 0.7968 0.5537
vn 0.1618 0.5334 0.8302
vn 0.0569 0.1876 0.9806
vn -0.0569 -0.1876 0.9806
vn -0.1618 -0.5334 0.8302
vn -0.2417 -0.7968 0.5537
vn -0.2848 -0.9387 0.1942
vn -0.2848 -0.9387 -0.1942
vn -0.2417 -0.7968 -0.5537
vn -0.1618 -0.5334 -0.8302
vn -0.0569 -0.1876 -0.9806
vn 0.0569 0.1876 -0.9806
vn 0.1618 0.5334 -0.8302
vn 0.2417 0.7968 -0.5537
vn 0.2848 0.9387 -0.1942
vn 0.0962 0.9762 0.1942
vn 0.0816 0.8287 0.5537
vn 0.0546 0.5547 0.8302
vn 0.0192 0.1951 0.9806
vn -0.0192 -0.1951 0.9806
vn -0.0546 -0.5547 0.8302
vn -0.0816 -0.8287 0.5537
vn -0.0962 -0.9762 0.1942
vn -0.0962 -0.9762 -0.1942
vn -0.0816 -0.8287 -0.5537
vn -0.0546 -0.5547 -0.8302
vn -0.0192 -0.1951 -0.9806
vn 0.0192 0.1951 -0.9806
vn 0.0546 0.5547 -0.8302
vn 0.0816 0.8287 -0.5537
vn 0.0962 0.9762 -0.1942
vn -0.0962 0.9762 0.1942
vn -0.0816 0.8287 0.5537
vn -0.0546 0.5547 0.8302
vn -0.0192 0.1951 0.9806
vn 0.0192 -0.1951 0.9806
vn 0.0546 -0.5547 0.8302
vn 0.0816 -0.8287 0.5537
vn 0.0962 -0.9762 0.1942
vn 0.0962 -0.9762 -0.1942
vn 0.0816 -0.8287 -0.5537
vn 0.0546 -0.5547 -0.8302
vn 0.0192 -0.1951 -0.9806
vn -0.0192 0.1951 -0.9806
vn -0.0546 0.5547 -0.8302
vn -0.0816 0.8287 -0.5537
vn -0.0962 0.9762 -0.1942
vn -0.2848 0.9387 0.1942
vn -0.2417 0.7968 0.5537
vn -0.1618 0.5334 0.8302
vn -0.0569 0.1876 0.9806
vn 0.0569 -0.1876 0.9806
vn 0.1618 -0.5334 0.8302
vn 0.2417 -0.7968 0.5537
vn 0.2848 -0.9387 0.1942
vn 0.2848 -0.9387 -0.1942
vn 0.2417 -0.7968 -0.5537
vn 0.1618 -0.5334 -0.8302
vn 0.0569 -0.1876 -0.9806
vn -0.0569 0.1876 -0.9806
vn -0.1618 0.5334 -0.8302
vn -0.2417 0.7968 -0.5537
vn -0.2848 0.9387 -0.1942
vn -0.4624 0.8651 0.1942
vn -0.3925 0.7344 0.5537
vn -0.2628 0.4916 0.8302
vn -0.0924 0.1729 0.9806
vn 0.0924 -0.1729 0.9806
vn 0.2628 -0.4916 0.8302
vn 0.3925 -0.7344 0.5537
vn 0.4624 -0.8651 0.1942
vn 0.4624 -0.8651 -0.1942
vn 0.3925 -0.7344 -0.5537
vn 0.2628 -0.4916 -0.8302
vn 0.0924 -0.1729 -0.9806
vn -0.0924 0.1729 -0.9806
vn -0.2628 0.4916 -0.8302
vn -0.3925 0.7344 -0.5537
vn -0.4624 0.8651 -0.1942
vn -0.6223 0.7583 0.1942
vn -0.5283 0.6437 0.5537
vn -0.3536 0.4309 0.8302
vn -0.1243 0.1515 0.9806
vn 0.1243 -0.1515 0.9806
vn 0.3536 -0.4309 0.8302
vn 0.5283 -0.6437 0.5537
vn 0.6223 -0.7583 0.1942
vn 0.6223 -0.7583 -0.1942
vn 0.5283 -0.6437 -0.5537
vn 0.3536 -0.4309 -0.8302
vn 0.1243 -0.1515 -0.9806
vn -0.1243 0.1515 -0.9806
vn -0.3536 0.4309 -0.8302
vn -0.5283 0.6437 -0.5537
vn -0.6223 0.7583 -0.1942
vn -0.7583 0.6223 0.1942
vn -0.6437 0.5283 0.5537
vn -0.4309 0.3536 0.8302
vn -0.1515 0.1243 0.9806
vn 0.1515 -0.1243 0.9806
vn 0.4309 -0.3536 0.8302
vn 0.6437 -0.5283 0.5537
vn 0.7583 -0.6223 0.1942
vn 0.7583 -0.6223 -0.1942
vn 0.6437 -0.5283 -0.5537
vn 0.4309 -0.3536 -0.8302
vn 0.1515 -0.1243 -0.9806
vn -0.1515 0.1243 -0.9806
vn -0.4309 0.3536 -0.8302
vn -0.6437 0.5283 -0.5537
vn -0.7583 0.6223 -0.1942
vn -0.8651 0.4624 0.1942
vn -0.7344 0.3925 0.5537
vn -0.4916 0.2628 0.8302
vn -0.1729 0.0924 0.9806
vn 0.1729 -0.0924 0.9806
vn 0.4916 -0.2628 0.8302
vn 0.7344 -0.3925 0.5537
vn 0.8651 -0.4624 0.1942
vn 0.8651 -0.4624 -0.1942
vn 0.7344 -0.3925 -0.5537
vn 0.4916 -0.2628 -0.8302
vn 0.1729 -0.0924 -0.9806
vn -0.1729 0.0924 -0.9806
vn -0.4916 0.2628 -0.8302
vn -0.7344 0.3925 -0.5537
vn -0.8651 0.4624 -0.1942
vn -0.9387 0.2848 0.1942
vn -0.7968 0.2417 0.5537
vn -0.5334 0.1618 0.8302
vn -0.1876 0.0569 0.9806
vn 0.1876 -0.0569 0.9806
vn 0.5334 -0.1618 0.8302
vn 0.7968 -0.2417 0.5537
vn 0.9387 -0.2848 0.1942
vn 0.9387 -0.2848 -0.1942
vn 0.7968 -0.2417 -0.5537
vn 0.5334 -0.1618 -0.8302
vn 0.1876 -0.0569 -0.9806
vn -0.1876 0.0569 -0.9806
vn -0.5334 0.1618 -0.8302
vn -0.7968 0.2417 -0.5537
vn -0.9387 0.2848 -0.1942
vn -0.9762 0.0962 0.1942
vn -0.8287 0.0816 0.5537
vn -0.5547 0.0546 0.8302
vn -0.1951 0.0192 0.9806
vn 0.1951 -0.0192 0.9806
vn 0.5547 -0.0546 0.8302
vn 0.8287 -0.0816 0.5537
vn 0.9762 -0.0962 0.1942
vn 0.9762 -0.0962 -0.1942
vn 0.8287 -0.0816 -0.5537
vn 0.5547 -0.0546 -0.8302
vn 0.1951 -0.0192 -0.9806
vn -0.1951 0.0192 -0.9806
vn -0.5547 0.0546 -0.8302
vn -0.8287 0.0816 -0.5537
vn -0.9762 0.0962 -0.1942
vt 0.531250 0.500000
vt 0.500000 0.562500
vt 0.500000 0.500000
vt 0.531250 0.562500
vt 0.500000 0.625000
vt 0.531250 0.625000
vt 0.500000 0.687500
vt 0.531250 0.687500
vt 0.500000 0.750000
vt 0.531250 0.750000
vt 0.500000 0.812500
vt 0.531250 0.812500
vt 0.500000 0.875000
vt 0.531250 0.875000
vt 0.500000 0.937500
vt 0.531250 0.937500
vt 0.500000 1.000000
vt 0.531250 0.000000
vt 0.500000 0.062500
vt 0.500000 0.000000
vt 0.531250 0.062500
vt 0.500000 0.125000
vt 0.531250 0.125000
vt 0.500000 0.187500
vt 0.531250 0.250000
vt 0.500000 0.250000
vt 0.531250 0.312500
vt 0.500000 0.312500
vt 0.531250 0.375000
vt 0.500000 0.375000
vt 0.531250 0.437500
vt 0.500000 0.437500
vt 0.562500 0.500000
vt 0.562500 0.625000
vt 0.562500 0.687500
vt 0.562500 0.750000
vt 0.562500 0.875000
vt 0.562500 0.937500
vt 0.531250 1.000000
vt 0.562500 0.062500
vt 0.562500 0.125000
vt 0.531250 0.187500
vt 0.562500 0.187500
vt 0.562500 0.250000
vt 0.562500 0.312500
vt 0.562500 0.375000
vt 0.562500 0.437500
vt 0.593750 0.500000
vt 0.562500 0.562500
vt 0.593750 0.562500
vt 0.593750 0.625000
vt 0.593750 0.750000
vt 0.562500 0.812500
vt 0.593750 0.875000
vt 0.593750 0.937500
vt 0.562500 1.000000
vt 0.593750 0.000000
vt 0.562500 0.000000
vt 0.593750 0.125000
vt 0.593750 0.187500
vt 0.593750 0.250000
vt 0.593750 0.375000
vt 0.625000 0.500000
vt 0.625000 0.562500
vt 0.625000 0.687500
vt 0.593750 0.687500
vt 0.625000 0.750000
vt 0.593750 0.812500
vt 0.625000 0.812500
vt 0.625000 0.937500
vt 0.593750 1.000000
vt 0.625000 0.062500
vt 0.593750 0.062500
vt 0.625000 0.187500
vt 0.625000 0.250000
vt 0.625000 0.312500
vt 0.593750 0.312500
vt 0.625000 0.375000
vt 0.593750 0.437500
vt 0.656250 0.562500
vt 0.625000 0.625000
vt 0.656250 0.687500
vt 0.656250 0.750000
vt 0.656250 0.812500
vt 0.656250 0.875000
vt 0.625000 0.875000
vt 0.656250 0.937500
vt 0.656250 1.000000
vt 0.625000 1.000000
vt 0.656250 0.000000
vt 0.625000 0.000000
vt 0.656250 0.062500
vt 0.625000 0.125000
vt 0.656250 0.125000
vt 0.656250 0.187500
vt 0.656250 0.250000
vt 0.656250 0.312500
vt 0.656250 0.437500
vt 0.625000 0.437500
vt 0.687500 0.500000
vt 0.656250 0.500000
vt 0.687500 0.562500
vt 0.656250 0.625000
vt 0.687500 0.625000
vt 0.687500 0.687500
vt 0.687500 0.750000
vt 0.687500 0.812500
vt 0.687500 0.875000
vt 0.687500 1.000000
vt 0.687500 0.000000
vt 0.687500 0.062500
vt 0.687500 0.187500
vt 0.687500 0.312500
vt 0.656250 0.375000
vt 0.687500 0.437500
vt 0.718750 0.500000
vt 0.718750 0.562500
vt 0.718750 0.625000
vt 0.718750 0.687500
vt 0.718750 0.750000
vt 0.718750 0.812500
vt 0.718750 0.875000
vt 0.687500 0.937500
vt 0.718750 1.000000
vt 0.718750 0.000000
vt 0.718750 0.062500
vt 0.687500 0.125000
vt 0.718750 0.187500
vt 0.687500 0.250000
vt 0.718750 0.250000
vt 0.718750 0.375000
vt 0.687500 0.375000
vt 0.718750 0.437500
vt 0.750000 0.500000
vt 0.750000 0.625000
vt 0.750000 0.687500
vt 0.750000 0.750000
vt 0.750000 0.812500
vt 0.750000 0.875000
vt 0.718750 0.937500
vt 0.750000 0.937500
vt 0.750000 0.000000
vt 0.750000 0.062500
vt 0.718750 0.125000
vt 0.750000 0.187500
vt 0.750000 0.250000
vt 0.718750 0.312500
vt 0.750000 0.312500
vt 0.750000 0.375000
vt 0.750000 0.437500
vt 0.781250 0.500000
vt 0.750000 0.562500
vt 0.781250 0.562500
vt 0.781250 0.625000
vt 0.781250 0.687500
vt 0.781250 0.750000
vt 0.781250 0.812500
vt 0.781250 0.875000
vt 0.781250 0.937500
vt 0.750000 1.000000
vt 0.781250 0.062500
vt 0.750000 0.125000
vt 0.781250 0.187500
vt 0.781250 0.250000
vt 0.781250 0.312500
vt 0.781250 0.375000
vt 0.781250 0.437500
vt 0.812500 0.500000
vt 0.812500 0.625000
vt 0.812500 0.687500
vt 0.812500 0.750000
vt 0.812500 0.812500
vt 0.812500 0.875000
vt 0.812500 0.937500
vt 0.781250 1.000000
vt 0.781250 0.000000
vt 0.812500 0.062500
vt 0.812500 0.125000
vt 0.781250 0.125000
vt 0.812500 0.187500
vt 0.812500 0.250000
vt 0.812500 0.312500
vt 0.812500 0.375000
vt 0.843750 0.500000
vt 0.812500 0.562500
vt 0.843750 0.625000
vt 0.843750 0.687500
vt 0.843750 0.750000
vt 0.843750 0.812500
vt 0.843750 0.875000
vt 0.843750 0.937500
vt 0.812500 1.000000
vt 0.812500 0.000000
vt 0.843750 0.062500
vt 0.843750 0.125000
vt 0.843750 0.250000
vt 0.843750 0.312500
vt 0.843750 0.375000
vt 0.812500 0.437500
vt 0.875000 0.562500
vt 0.843750 0.562500
vt 0.875000 0.625000
vt 0.875000 0.687500
vt 0.875000 0.812500
vt 0.875000 0.937500
vt 0.875000 1.000000
vt 0.843750 1.000000
vt 0.875000 0.000000
vt 0.843750 0.000000
vt 0.875000 0.062500
vt 0.875000 0.125000
vt 0.843750 0.187500
vt 0.875000 0.187500
vt 0.875000 0.312500
vt 0.875000 0.375000
vt 0.843750 0.437500
vt 0.875000 0.437500
vt 0.875000 0.500000
vt 0.906250 0.562500
vt 0.906250 0.625000
vt 0.906250 0.687500
vt 0.875000 0.750000
vt 0.906250 0.812500
vt 0.906250 0.875000
vt 0.875000 0.875000
vt 0.906250 0.937500
vt 0.906250 1.000000
vt 0.906250 0.000000
vt 0.906250 0.062500
vt 0.906250 0.125000
vt 0.906250 0.187500
vt 0.875000 0.250000
vt 0.906250 0.312500
vt 0.906250 0.375000
vt 0.906250 0.437500
vt 0.906250 0.500000
vt 0.937500 0.562500
vt 0.937500 0.625000
vt 0.937500 0.750000
vt 0.906250 0.750000
vt 0.937500 0.812500
vt 0.937500 0.875000
vt 0.937500 0.937500
vt 0.937500 0.000000
vt 0.937500 0.125000
vt 0.937500 0.187500
vt 0.937500 0.250000
vt 0.906250 0.250000
vt 0.937500 0.375000
vt 0.937500 0.437500
vt 0.937500 0.500000
vt 0.968750 0.562500
vt 0.968750 0.625000
vt 0.968750 0.687500
vt 0.937500 0.687500
vt 0.968750 0.750000
vt 0.968750 0.812500
vt 0.968750 0.875000
vt 0.968750 1.000000
vt 0.937500 1.000000
vt 0.968750 0.000000
vt 0.937500 0.062500
vt 0.968750 0.125000
vt 0.968750 0.187500
vt 0.968750 0.250000
vt 0.937500 0.312500
vt 0.968750 0.312500
vt 0.968750 0.375000
vt 0.968750 0.437500
vt 1.000000 0.500000
vt 0.968750 0.500000
vt 1.000000 0.562500
vt 1.000000 0.625000
vt 1.000000 0.687500
vt 1.000000 0.750000
vt 1.000000 0.812500
vt 1.000000 0.875000
vt 0.968750 0.937500
vt 1.000000 0.937500
vt 1.000000 0.000000
vt 0.968750 0.062500
vt 1.000000 0.125000
vt 1.000000 0.250000
vt 1.000000 0.312500
vt 1.000000 0.375000
vt 1.000000 0.437500
vt 0.031250 0.500000
vt 0.000000 0.562500
vt 0.000000 0.500000
vt 0.031250 0.625000
vt 0.000000 0.625000
vt 0.031250 0.687500
vt 0.000000 0.687500
vt 0.031250 0.750000
vt 0.000000 0.750000
vt 0.031250 0.812500
vt 0.000000 0.812500
vt 0.031250 0.875000
vt 0.000000 0.875000
vt 0.031250 0.937500
vt 0.000000 0.937500
vt 0.000000 1.000000
vt 0.000000 0.000000
vt 0.031250 0.062500
vt 0.000000 0.062500
vt 0.000000 0.125000
vt 0.031250 0.125000
vt 0.000000 0.187500
vt 0.031250 0.187500
vt 0.000000 0.250000
vt 0.031250 0.250000
vt 0.000000 0.312500
vt 0.031250 0.312500
vt 0.000000 0.375000
vt 0.031250 0.375000
vt 0.000000 0.437500
vt 0.031250 0.437500
vt 0.062500 0.500000
vt 0.031250 0.562500
vt 0.062500 0.562500
vt 0.062500 0.625000
vt 0.062500 0.687500
vt 0.062500 0.750000
vt 0.062500 0.812500
vt 0.062500 0.875000
vt 0.062500 0.937500
vt 0.031250 1.000000
vt 0.031250 0.000000
vt 0.062500 0.062500
vt 0.062500 0.187500
vt 0.062500 0.250000
vt 0.062500 0.312500
vt 0.062500 0.375000
vt 0.062500 0.437500
vt 0.093750 0.500000
vt 0.093750 0.562500
vt 0.093750 0.687500
vt 0.093750 0.812500
vt 0.093750 0.875000
vt 0.093750 0.937500
vt 0.062500 1.000000
vt 0.093750 0.000000
vt 0.062500 0.000000
vt 0.093750 0.062500
vt 0.062500 0.125000
vt 0.093750 0.125000
vt 0.093750 0.187500
vt 0.093750 0.312500
vt 0.093750 0.375000
vt 0.093750 0.437500
vt 0.125000 0.500000
vt 0.125000 0.562500
vt 0.093750 0.625000
vt 0.125000 0.625000
vt 0.125000 0.750000
vt 0.093750 0.750000
vt 0.125000 0.812500
vt 0.125000 0.875000
vt 0.125000 0.937500
vt 0.093750 1.000000
vt 0.125000 0.062500
vt 0.125000 0.125000
vt 0.125000 0.187500
vt 0.125000 0.250000
vt 0.093750 0.250000
vt 0.125000 0.375000
vt 0.125000 0.437500
vt 0.156250 0.562500
vt 0.156250 0.625000
vt 0.125000 0.687500
vt 0.156250 0.750000
vt 0.156250 0.875000
vt 0.156250 0.937500
vt 0.125000 1.000000
vt 0.125000 0.000000
vt 0.156250 0.062500
vt 0.156250 0.125000
vt 0.156250 0.250000
vt 0.125000 0.312500
vt 0.156250 0.375000
vt 0.156250 0.437500
vt 0.156250 0.500000
vt 0.187500 0.562500
vt 0.187500 0.625000
vt 0.156250 0.687500
vt 0.187500 0.750000
vt 0.187500 0.812500
vt 0.156250 0.812500
vt 0.187500 0.937500
vt 0.156250 1.000000
vt 0.187500 0.000000
vt 0.156250 0.000000
vt 0.187500 0.062500
vt 0.187500 0.125000
vt 0.156250 0.187500
vt 0.187500 0.187500
vt 0.187500 0.250000
vt 0.156250 0.312500
vt 0.187500 0.375000
vt 0.187500 0.437500
vt 0.187500 0.500000
vt 0.218750 0.562500
vt 0.218750 0.625000
vt 0.218750 0.687500
vt 0.187500 0.687500
vt 0.218750 0.750000
vt 0.218750 0.812500
vt 0.218750 0.875000
vt 0.187500 0.875000
vt 0.218750 0.937500
vt 0.218750 1.000000
vt 0.187500 1.000000
vt 0.218750 0.000000
vt 0.218750 0.062500
vt 0.218750 0.125000
vt 0.218750 0.187500
vt 0.218750 0.250000
vt 0.187500 0.312500
vt 0.218750 0.312500
vt 0.218750 0.375000
vt 0.218750 0.437500
vt 0.250000 0.500000
vt 0.218750 0.500000
vt 0.250000 0.562500
vt 0.250000 0.625000
vt 0.250000 0.687500
vt 0.250000 0.750000
vt 0.250000 0.812500
vt 0.250000 0.875000
vt 0.250000 0.937500
vt 0.250000 0.000000
vt 0.250000 0.062500
vt 0.250000 0.187500
vt 0.250000 0.250000
vt 0.250000 0.375000
vt 0.250000 0.437500
vt 0.281250 0.500000
vt 0.281250 0.562500
vt 0.281250 0.625000
vt 0.281250 0.750000
vt 0.281250 0.812500
vt 0.281250 0.875000
vt 0.281250 0.937500
vt 0.250000 1.000000
vt 0.281250 0.000000
vt 0.281250 0.062500
vt 0.250000 0.125000
vt 0.281250 0.125000
vt 0.281250 0.187500
vt 0.281250 0.250000
vt 0.250000 0.312500
vt 0.281250 0.375000
vt 0.281250 0.437500
vt 0.312500 0.500000
vt 0.312500 0.625000
vt 0.312500 0.687500
vt 0.281250 0.687500
vt 0.312500 0.750000
vt 0.312500 0.812500
vt 0.312500 0.937500
vt 0.281250 1.000000
vt 0.312500 0.000000
vt 0.312500 0.062500
vt 0.312500 0.187500
vt 0.312500 0.250000
vt 0.312500 0.312500
vt 0.281250 0.312500
vt 0.312500 0.375000
vt 0.312500 0.437500
vt 0.343750 0.500000
vt 0.312500 0.562500
vt 0.343750 0.625000
vt 0.343750 0.750000
vt 0.343750 0.875000
vt 0.312500 0.875000
vt 0.343750 0.937500
vt 0.312500 1.000000
vt 0.343750 0.062500
vt 0.312500 0.125000
vt 0.343750 0.125000
vt 0.343750 0.187500
vt 0.343750 0.250000
vt 0.343750 0.312500
vt 0.343750 0.375000
vt 0.343750 0.437500
vt 0.375000 0.500000
vt 0.343750 0.562500
vt 0.375000 0.625000
vt 0.343750 0.687500
vt 0.375000 0.687500
vt 0.375000 0.812500
vt 0.343750 0.812500
vt 0.375000 0.875000
vt 0.375000 1.000000
vt 0.343750 1.000000
vt 0.375000 0.000000
vt 0.343750 0.000000
vt 0.375000 0.125000
vt 0.375000 0.187500
vt 0.375000 0.312500
vt 0.375000 0.375000
vt 0.406250 0.562500
vt 0.375000 0.562500
vt 0.406250 0.625000
vt 0.406250 0.687500
vt 0.375000 0.750000
vt 0.406250 0.750000
vt 0.406250 0.812500
vt 0.406250 0.875000
vt 0.375000 0.937500
vt 0.406250 1.000000
vt 0.406250 0.000000
vt 0.375000 0.062500
vt 0.406250 0.125000
vt 0.406250 0.187500
vt 0.406250 0.250000
vt 0.375000 0.250000
vt 0.406250 0.312500
vt 0.406250 0.375000
vt 0.375000 0.437500
vt 0.406250 0.437500
vt 0.406250 0.500000
vt 0.437500 0.562500
vt 0.437500 0.625000
vt 0.437500 0.750000
vt 0.437500 0.875000
vt 0.406250 0.937500
vt 0.437500 1.000000
vt 0.437500 0.000000
vt 0.406250 0.062500
vt 0.437500 0.062500
vt 0.437500 0.125000
vt 0.437500 0.250000
vt 0.437500 0.312500
vt 0.437500 0.375000
vt 0.437500 0.437500
vt 0.468750 0.500000
vt 0.437500 0.500000
vt 0.468750 0.625000
vt 0.437500 0.687500
vt 0.468750 0.687500
vt 0.468750 0.750000
vt 0.437500 0.812500
vt 0.468750 0.812500
vt 0.468750 0.875000
vt 0.437500 0.937500
vt 0.468750 1.000000
vt 0.468750 0.000000
vt 0.468750 0.125000
vt 0.468750 0.187500
vt 0.437500 0.187500
vt 0.468750 0.250000
vt 0.468750 0.312500
vt 0.468750 0.375000
vt 0.468750 0.437500
vt 0.468750 0.562500
vt 0.468750 0.937500
vt 0.468750 0.062500
vt 1.000000 1.000000
vt 1.000000 0.062500
vt 1.000000 0.187500
s 0
f 17/1/1 2/2/1 1/3/1
f 18/4/2 3/5/2 2/2/2
f 19/6/3 4/7/3 3/5/3
f 20/8/4 5/9/4 4/7/4
f 21/10/5 6/11/5 5/9/5
f 22/12/6 7/13/6 6/11/6
f 23/14/7 8/15/7 7/13/7
f 24/16/8 9/17/8 8/15/8
f 25/18/9 10/19/9 9/20/9
f 26/21/10 11/22/10 10/19/10
f 27/23/11 12/24/11 11/22/11
f 12/24/12 29/25/12 13/26/12
f 13/26/13 30/27/13 14/28/13
f 14/28/14 31/29/14 15/30/14
f 15/30/15 32/31/15 16/32/15
f 32/31/16 1/3/16 16/32/16
f 33/33/17 18/4/17 17/1/17
f 18/4/18 35/34/18 19/6/18
f 19/6/19 36/35/19 20/8/19
f 20/8/20 37/36/20 21/10/20
f 37/36/21 22/12/21 21/10/21
f 22/12/22 39/37/22 23/14/22
f 39/37/23 24/16/23 23/14/23
f 40/38/24 25/39/24 24/16/24
f 25/18/25 42/40/25 26/21/25
f 26/21/26 43/41/26 27/23/26
f 43/41/27 28/42/27 27/23/27
f 44/43/28 29/25/28 28/42/28
f 45/44/29 30/27/29 29/25/29
f 46/45/30 31/29/30 30/27/30
f 47/46/31 32/31/31 31/29/31
f 48/47/32 17/1/32 32/31/32
f 49/48/33 34/49/33 33/33/33
f 50/50/34 35/34/34 34/49/34
f 51/51/35 36/35/35 35/34/35
f 36/35/36 53/52/36 37/36/36
f 53/52/37 38/53/37 37/36/37
f 38/53/38 55/54/38 39/37/38
f 55/54/39 40/38/39 39/37/39
f 56/55/40 41/56/40 40/38/40
f 57/57/41 42/40/41 41/58/41
f 42/40/42 59/59/42 43/41/42
f 59/59/43 44/43/43 43/41/43
f 60/60/44 45/44/44 44/43/44
f 61/61/45 46/45/45 45/44/45
f 46/45/46 63/62/46 47/46/46
f 63/62/47 48/47/47 47/46/47
f 48/47/48 49/48/48 33/33/48
f 65/63/49 50/50/49 49/48/49
f 66/64/50 51/51/50 50/50/50
f 51/51/51 68/65/51 52/66/51
f 68/65/52 53/52/52 52/66/52
f 69/67/53 54/68/53 53/52/53
f 70/69/54 55/54/54 54/68/54
f 55/54/55 72/70/55 56/55/55
f 72/70/56 57/71/56 56/55/56
f 57/57/57 74/72/57 58/73/57
f 74/72/58 59/59/58 58/73/58
f 59/59/59 76/74/59 60/60/59
f 60/60/60 77/75/60 61/61/60
f 61/61/61 78/76/61 62/77/61
f 78/76/62 63/62/62 62/77/62
f 79/78/63 64/79/63 63/62/63
f 64/79/64 65/63/64 49/48/64
f 65/63/65 82/80/65 66/64/65
f 82/80/66 67/81/66 66/64/66
f 67/81/67 84/82/67 68/65/67
f 68/65/68 85/83/68 69/67/68
f 69/67/69 86/84/69 70/69/69
f 70/69/70 87/85/70 71/86/70
f 71/86/71 88/87/71 72/70/71
f 72/70/72 89/88/72 73/89/72
f 89/90/73 74/72/73 73/91/73
f 90/92/74 75/93/74 74/72/74
f 91/94/75 76/74/75 75/93/75
f 92/95/76 77/75/76 76/74/76
f 93/96/77 78/76/77 77/75/77
f 94/97/78 79/78/78 78/76/78
f 79/78/79 96/98/79 80/99/79
f 96/98/80 65/63/80 80/99/80
f 97/100/81 82/80/81 81/101/81
f 98/102/82 83/103/82 82/80/82
f 99/104/83 84/82/83 83/103/83
f 100/105/84 85/83/84 84/82/84
f 101/106/85 86/84/85 85/83/85
f 102/107/86 87/85/86 86/84/86
f 103/108/87 88/87/87 87/85/87
f 88/87/88 105/109/88 89/88/88
f 105/110/89 90/92/89 89/90/89
f 106/111/90 91/94/90 90/92/90
f 91/94/91 108/112/91 92/95/91
f 108/112/92 93/96/92 92/95/92
f 93/96/93 110/113/93 94/97/93
f 110/113/94 95/114/94 94/97/94
f 95/114/95 112/115/95 96/98/95
f 112/115/96 81/101/96 96/98/96
f 113/116/97 98/102/97 97/100/97
f 114/117/98 99/104/98 98/102/98
f 115/118/99 100/105/99 99/104/99
f 116/119/100 101/106/100 100/105/100
f 117/120/101 102/107/101 101/106/101
f 118/121/102 103/108/102 102/107/102
f 119/122/103 104/123/103 103/108/103
f 104/123/104 121/124/104 105/109/104
f 121/125/105 106/111/105 105/110/105
f 122/126/106 107/127/106 106/111/106
f 107/127/107 124/128/107 108/112/107
f 124/128/108 109/129/108 108/112/108
f 125/130/109 110/113/109 109/129/109
f 110/113/110 127/131/110 111/132/110
f 111/132/111 128/133/111 112/115/111
f 128/133/112 97/100/112 112/115/112
f 129/134/113 114/117/113 113/116/113
f 114/117/114 131/135/114 115/118/114
f 115/118/115 132/136/115 116/119/115
f 116/119/116 133/137/116 117/120/116
f 117/120/117 134/138/117 118/121/117
f 134/138/118 119/122/118 118/121/118
f 135/139/119 120/140/119 119/122/119
f 136/141/120 121/124/120 120/140/120
f 137/142/121 122/126/121 121/125/121
f 138/143/122 123/144/122 122/126/122
f 123/144/123 140/145/123 124/128/123
f 140/145/124 125/130/124 124/128/124
f 141/146/125 126/147/125 125/130/125
f 142/148/126 127/131/126 126/147/126
f 143/149/127 128/133/127 127/131/127
f 144/150/128 113/116/128 128/133/128
f 145/151/129 130/152/129 129/134/129
f 146/153/130 131/135/130 130/152/130
f 147/154/131 132/136/131 131/135/131
f 148/155/132 133/137/132 132/136/132
f 149/156/133 134/138/133 133/137/133
f 150/157/134 135/139/134 134/138/134
f 151/158/135 136/141/135 135/139/135
f 152/159/136 137/160/136 136/141/136
f 137/142/137 154/161/137 138/143/137
f 154/161/138 139/162/138 138/143/138
f 139/162/139 156/163/139 140/145/139
f 140/145/140 157/164/140 141/146/140
f 141/146/141 158/165/141 142/148/141
f 142/148/142 159/166/142 143/149/142
f 143/149/143 160/167/143 144/150/143
f 144/150/144 145/151/144 129/134/144
f 161/168/145 146/153/145 145/151/145
f 146/153/146 163/169/146 147/154/146
f 147/154/147 164/170/147 148/155/147
f 148/155/148 165/171/148 149/156/148
f 149/156/149 166/172/149 150/157/149
f 150/157/150 167/173/150 151/158/150
f 167/173/151 152/159/151 151/158/151
f 168/174/152 153/175/152 152/159/152
f 153/176/153 170/177/153 154/161/153
f 154/161/154 171/178/154 155/179/154
f 171/178/155 156/163/155 155/179/155
f 172/180/156 157/164/156 156/163/156
f 173/181/157 158/165/157 157/164/157
f 174/182/158 159/166/158 158/165/158
f 175/183/159 160/167/159 159/166/159
f 160/167/160 161/168/160 145/151/160
f 177/184/161 162/185/161 161/168/161
f 162/185/162 179/186/162 163/169/162
f 179/186/163 164/170/163 163/169/163
f 180/187/164 165/171/164 164/170/164
f 181/188/165 166/172/165 165/171/165
f 182/189/166 167/173/166 166/172/166
f 183/190/167 168/174/167 167/173/167
f 184/191/168 169/192/168 168/174/168
f 169/193/169 186/194/169 170/177/169
f 170/177/170 187/195/170 171/178/170
f 187/195/171 172/180/171 171/178/171
f 172/180/172 189/196/172 173/181/172
f 173/181/173 190/197/173 174/182/173
f 174/182/174 191/198/174 175/183/174
f 191/198/175 176/199/175 175/183/175
f 176/199/176 177/184/176 161/168/176
f 177/184/177 194/200/177 178/201/177
f 178/201/178 195/202/178 179/186/178
f 195/202/179 180/187/179 179/186/179
f 196/203/180 181/188/180 180/187/180
f 181/188/181 198/204/181 182/189/181
f 198/204/182 183/190/182 182/189/182
f 183/190/183 200/205/183 184/191/183
f 184/191/184 201/206/184 185/207/184
f 201/208/185 186/194/185 185/209/185
f 202/210/186 187/195/186 186/194/186
f 203/211/187 188/212/187 187/195/187
f 204/213/188 189/196/188 188/212/188
f 189/196/189 206/214/189 190/197/189
f 190/197/190 207/215/190 191/198/190
f 207/215/191 192/216/191 191/198/191
f 208/217/192 177/184/192 192/216/192
f 193/218/193 210/219/193 194/200/193
f 194/200/194 211/220/194 195/202/194
f 195/202/195 212/221/195 196/203/195
f 212/221/196 197/222/196 196/203/196
f 197/222/197 214/223/197 198/204/197
f 198/204/198 215/224/198 199/225/198
f 199/225/199 216/226/199 200/205/199
f 200/205/200 217/227/200 201/206/200
f 217/228/201 202/210/201 201/208/201
f 218/229/202 203/211/202 202/210/202
f 219/230/203 204/213/203 203/211/203
f 220/231/204 205/232/204 204/213/204
f 205/232/205 222/233/205 206/214/205
f 222/233/206 207/215/206 206/214/206
f 223/234/207 208/217/207 207/215/207
f 224/235/208 193/218/208 208/217/208
f 209/236/209 226/237/209 210/219/209
f 226/237/210 211/220/210 210/219/210
f 227/238/211 212/221/211 211/220/211
f 212/221/212 229/239/212 213/240/212
f 229/239/213 214/223/213 213/240/213
f 230/241/214 215/224/214 214/223/214
f 231/242/215 216/226/215 215/224/215
f 232/243/216 217/227/216 216/226/216
f 233/244/217 218/229/217 217/228/217
f 218/229/218 235/245/218 219/230/218
f 219/230/219 236/246/219 220/231/219
f 220/231/220 237/247/220 221/248/220
f 237/247/221 222/233/221 221/248/221
f 222/233/222 239/249/222 223/234/222
f 223/234/223 240/250/223 224/235/223
f 240/250/224 209/236/224 224/235/224
f 225/251/225 242/252/225 226/237/225
f 226/237/226 243/253/226 227/238/226
f 227/238/227 244/254/227 228/255/227
f 228/255/228 245/256/228 229/239/228
f 229/239/229 246/257/229 230/241/229
f 230/241/230 247/258/230 231/242/230
f 247/258/231 232/243/231 231/242/231
f 232/243/232 249/259/232 233/260/232
f 249/261/233 234/262/233 233/244/233
f 234/262/234 251/263/234 235/245/234
f 251/263/235 236/246/235 235/245/235
f 252/264/236 237/247/236 236/246/236
f 253/265/237 238/266/237 237/247/237
f 254/267/238 239/249/238 238/266/238
f 255/268/239 240/250/239 239/249/239
f 256/269/240 225/251/240 240/250/240
f 257/270/241 242/252/241 241/271/241
f 258/272/242 243/253/242 242/252/242
f 259/273/243 244/254/243 243/253/243
f 260/274/244 245/256/244 244/254/244
f 261/275/245 246/257/245 245/256/245
f 262/276/246 247/258/246 246/257/246
f 263/277/247 248/278/247 247/258/247
f 264/279/248 249/259/248 248/278/248
f 265/280/249 250/281/249 249/261/249
f 250/281/250 267/282/250 251/263/250
f 267/282/251 252/264/251 251/263/251
f 252/264/252 269/283/252 253/265/252
f 253/265/253 270/284/253 254/267/253
f 254/267/254 271/285/254 255/268/254
f 255/268/255 272/286/255 256/269/255
f 256/269/256 257/270/256 241/271/256
f 273/287/8 258/288/8 257/289/8
f 258/288/7 275/290/7 259/291/7
f 259/291/6 276/292/6 260/293/6
f 260/293/5 277/294/5 261/295/5
f 261/295/4 278/296/4 262/297/4
f 262/297/3 279/298/3 263/299/3
f 263/299/2 280/300/2 264/301/2
f 280/300/1 265/302/1 264/301/1
f 265/303/16 282/304/16 266/305/16
f 282/304/15 267/306/15 266/305/15
f 283/307/14 268/308/14 267/306/14
f 284/309/13 269/310/13 268/308/13
f 285/311/12 270/312/12 269/310/12
f 286/313/11 271/314/11 270/312/11
f 287/315/10 272/316/10 271/314/10
f 288/317/9 257/289/9 272/316/9
f 289/318/24 274/319/24 273/287/24
f 290/320/23 275/290/23 274/319/23
f 291/321/22 276/292/22 275/290/22
f 292/322/21 277/294/21 276/292/21
f 293/323/20 278/296/20 277/294/20
f 294/324/19 279/298/19 278/296/19
f 295/325/18 280/300/18 279/298/18
f 296/326/17 281/327/17 280/300/17
f 281/328/32 298/329/32 282/304/32
f 298/329/31 283/307/31 282/304/31
f 283/307/30 300/330/30 284/309/30
f 284/309/29 301/331/29 285/311/29
f 285/311/28 302/332/28 286/313/28
f 286/313/27 303/333/27 287/315/27
f 287/315/26 304/334/26 288/317/26
f 304/334/25 273/287/25 288/317/25
f 305/335/40 290/320/40 289/318/40
f 306/336/39 291/321/39 290/320/39
f 291/321/38 308/337/38 292/322/38
f 308/337/37 293/323/37 292/322/37
f 293/323/36 310/338/36 294/324/36
f 294/324/35 311/339/35 295/325/35
f 311/339/34 296/326/34 295/325/34
f 312/340/33 297/341/33 296/326/33
f 313/342/48 298/329/48 297/343/48
f 314/344/47 299/345/47 298/329/47
f 315/346/46 300/330/46 299/345/46
f 316/347/45 301/331/45 300/330/45
f 301/331/44 318/348/44 302/332/44
f 318/348/43 303/333/43 302/332/43
f 319/349/42 304/334/42 303/333/42
f 320/350/41 289/318/41 304/334/41
f 321/351/56 306/336/56 305/335/56
f 322/352/55 307/353/55 306/336/55
f 323/354/54 308/337/54 307/353/54
f 308/337/53 325/355/53 309/356/53
f 325/355/52 310/338/52 309/356/52
f 326/357/51 311/339/51 310/338/51
f 327/358/50 312/340/50 311/339/50
f 328/359/49 313/360/49 312/340/49
f 313/342/64 330/361/64 314/344/64
f 314/344/63 331/362/63 315/346/63
f 315/346/62 332/363/62 316/347/62
f 316/347/61 333/364/61 317/365/61
f 333/364/60 318/348/60 317/365/60
f 318/348/59 335/366/59 319/349/59
f 319/349/58 336/367/58 320/350/58
f 320/350/57 321/351/57 305/335/57
f 321/351/72 338/368/72 322/352/72
f 338/368/71 323/354/71 322/352/71
f 339/369/70 324/370/70 323/354/70
f 324/370/69 341/371/69 325/355/69
f 341/371/68 326/357/68 325/355/68
f 326/357/67 343/372/67 327/358/67
f 327/358/66 344/373/66 328/359/66
f 344/373/65 329/374/65 328/359/65
f 329/375/80 346/376/80 330/361/80
f 346/376/79 331/362/79 330/361/79
f 347/377/78 332/363/78 331/362/78
f 332/363/77 349/378/77 333/364/77
f 349/378/76 334/379/76 333/364/76
f 334/379/75 351/380/75 335/366/75
f 335/366/74 352/381/74 336/367/74
f 352/381/73 321/351/73 336/367/73
f 337/382/88 354/383/88 338/368/88
f 354/383/87 339/369/87 338/368/87
f 355/384/86 340/385/86 339/369/86
f 340/385/85 357/386/85 341/371/85
f 341/371/84 358/387/84 342/388/84
f 358/387/83 343/372/83 342/388/83
f 343/372/82 360/389/82 344/373/82
f 360/389/81 345/390/81 344/373/81
f 361/391/96 346/376/96 345/392/96
f 362/393/95 347/377/95 346/376/95
f 363/394/94 348/395/94 347/377/94
f 364/396/93 349/378/93 348/395/93
f 365/397/92 350/398/92 349/378/92
f 350/398/91 367/399/91 351/380/91
f 351/380/90 368/400/90 352/381/90
f 368/400/89 337/382/89 352/381/89
f 353/401/104 370/402/104 354/383/104
f 354/383/257 371/403/257 355/384/257
f 355/384/102 372/404/102 356/405/102
f 356/405/101 373/406/101 357/386/101
f 357/386/100 374/407/100 358/387/100
f 358/387/99 375/408/99 359/409/99
f 359/409/98 376/410/98 360/389/98
f 360/389/97 377/411/97 361/412/97
f 377/413/112 362/393/112 361/391/112
f 378/414/111 363/394/111 362/393/111
f 379/415/110 364/396/110 363/394/110
f 380/416/109 365/397/109 364/396/109
f 381/417/108 366/418/108 365/397/108
f 382/419/107 367/399/107 366/418/107
f 383/420/106 368/400/106 367/399/106
f 384/421/105 353/401/105 368/400/105
f 385/422/120 370/402/120 369/423/120
f 386/424/119 371/403/119 370/402/119
f 387/425/118 372/404/118 371/403/118
f 388/426/117 373/406/117 372/404/117
f 389/427/116 374/407/116 373/406/116
f 390/428/115 375/408/115 374/407/115
f 391/429/114 376/410/114 375/408/114
f 392/430/113 377/411/113 376/410/113
f 393/431/128 378/414/128 377/413/128
f 394/432/127 379/415/127 378/414/127
f 379/415/126 396/433/126 380/416/126
f 380/416/125 397/434/125 381/417/125
f 397/434/124 382/419/124 381/417/124
f 382/419/123 399/435/123 383/420/123
f 383/420/122 400/436/122 384/421/122
f 384/421/121 385/422/121 369/423/121
f 401/437/136 386/424/136 385/422/136
f 402/438/135 387/425/135 386/424/135
f 403/439/134 388/426/134 387/425/134
f 388/426/133 405/440/133 389/427/133
f 389/427/132 406/441/132 390/428/132
f 390/428/131 407/442/131 391/429/131
f 407/442/130 392/430/130 391/429/130
f 408/443/129 393/444/129 392/430/129
f 409/445/144 394/432/144 393/431/144
f 410/446/143 395/447/143 394/432/143
f 411/448/142 396/433/142 395/447/142
f 412/449/141 397/434/141 396/433/141
f 413/450/140 398/451/140 397/434/140
f 398/451/139 415/452/139 399/435/139
f 399/435/138 416/453/138 400/436/138
f 416/453/137 385/422/137 400/436/137
f 417/454/152 402/438/152 401/437/152
f 402/438/151 419/455/151 403/439/151
f 403/439/150 420/456/150 404/457/150
f 420/456/149 405/440/149 404/457/149
f 421/458/148 406/441/148 405/440/148
f 422/459/147 407/442/147 406/441/147
f 407/442/146 424/460/146 408/443/146
f 424/460/145 409/461/145 408/443/145
f 425/462/160 410/446/160 409/445/160
f 426/463/159 411/448/159 410/446/159
f 411/448/158 428/464/158 412/449/158
f 412/449/157 429/465/157 413/450/157
f 413/450/156 430/466/156 414/467/156
f 430/466/155 415/452/155 414/467/155
f 431/468/154 416/453/154 415/452/154
f 432/469/153 401/437/153 416/453/153
f 433/470/168 418/471/168 417/454/168
f 418/471/167 435/472/167 419/455/167
f 435/472/166 420/456/166 419/455/166
f 420/456/165 437/473/165 421/458/165
f 437/473/164 422/459/164 421/458/164
f 422/459/163 439/474/163 423/475/163
f 439/474/162 424/460/162 423/475/162
f 440/476/161 425/477/161 424/460/161
f 425/462/176 442/478/176 426/463/176
f 442/478/175 427/479/175 426/463/175
f 443/480/174 428/464/174 427/479/174
f 444/481/173 429/465/173 428/464/173
f 445/482/172 430/466/172 429/465/172
f 446/483/171 431/468/171 430/466/171
f 447/484/170 432/469/170 431/468/170
f 448/485/169 417/454/169 432/469/169
f 449/486/184 434/487/184 433/470/184
f 434/487/183 451/488/183 435/472/183
f 451/488/182 436/489/182 435/472/182
f 452/490/181 437/473/181 436/489/181
f 437/473/180 454/491/180 438/492/180
f 438/492/179 455/493/179 439/474/179
f 455/493/178 440/476/178 439/474/178
f 440/476/177 457/494/177 441/495/177
f 457/496/192 442/478/192 441/497/192
f 442/478/191 459/498/191 443/480/191
f 459/498/190 444/481/190 443/480/190
f 460/499/189 445/482/189 444/481/189
f 445/482/188 462/500/188 446/483/188
f 446/483/187 463/501/187 447/484/187
f 463/501/186 448/485/186 447/484/186
f 448/485/185 449/486/185 433/470/185
f 449/486/200 466/502/200 450/503/200
f 466/502/199 451/488/199 450/503/199
f 467/504/198 452/490/198 451/488/198
f 468/505/197 453/506/197 452/490/197
f 469/507/196 454/491/196 453/506/196
f 470/508/195 455/493/195 454/491/195
f 471/509/194 456/510/194 455/493/194
f 456/510/193 473/511/193 457/494/193
f 473/512/208 458/513/208 457/496/208
f 458/513/207 475/514/207 459/498/207
f 459/498/206 476/515/206 460/499/206
f 460/499/205 477/516/205 461/517/205
f 461/517/204 478/518/204 462/500/204
f 462/500/203 479/519/203 463/501/203
f 479/519/202 464/520/202 463/501/202
f 480/521/201 449/486/201 464/520/201
f 465/522/216 482/523/216 466/502/216
f 466/502/215 483/524/215 467/504/215
f 483/524/214 468/505/214 467/504/214
f 468/505/213 485/525/213 469/507/213
f 485/525/212 470/508/212 469/507/212
f 470/508/211 487/526/211 471/509/211
f 487/526/210 472/527/210 471/509/210
f 472/527/209 489/528/209 473/511/209
f 489/529/224 474/530/224 473/512/224
f 490/531/223 475/514/223 474/530/223
f 491/532/222 476/515/222 475/514/222
f 476/515/221 493/533/221 477/516/221
f 493/533/220 478/518/220 477/516/220
f 494/534/219 479/519/219 478/518/219
f 495/535/218 480/521/218 479/519/218
f 496/536/217 465/522/217 480/521/217
f 497/537/232 482/523/232 481/538/232
f 482/523/231 499/539/231 483/524/231
f 499/539/230 484/540/230 483/524/230
f 500/541/229 485/525/229 484/540/229
f 501/542/228 486/543/228 485/525/228
f 502/544/227 487/526/227 486/543/227
f 503/545/226 488/546/226 487/526/226
f 488/546/225 505/547/225 489/528/225
f 505/548/240 490/531/240 489/529/240
f 490/531/239 507/549/239 491/532/239
f 491/532/238 508/550/238 492/551/238
f 492/551/237 509/552/237 493/533/237
f 493/533/236 510/553/236 494/534/236
f 494/534/235 511/554/235 495/535/235
f 511/554/234 496/536/234 495/535/234
f 512/555/233 481/538/233 496/536/233
f 1/3/248 498/556/248 497/537/248
f 2/2/247 499/539/247 498/556/247
f 3/5/246 500/541/246 499/539/246
f 4/7/245 501/542/245 500/541/245
f 501/542/244 6/11/244 502/544/244
f 502/544/243 7/13/243 503/545/243
f 7/13/242 504/557/242 503/545/242
f 8/15/241 505/547/241 504/557/241
f 505/548/256 10/19/256 506/558/256
f 10/19/255 507/549/255 506/558/255
f 11/22/254 508/550/254 507/549/254
f 12/24/253 509/552/253 508/550/253
f 509/552/252 14/28/252 510/553/252
f 510/553/251 15/30/251 511/554/251
f 511/554/250 16/32/250 512/555/250
f 512/555/249 1/3/249 497/537/249
f 17/1/1 18/4/1 2/2/1
f 18/4/2 19/6/2 3/5/2
f 19/6/3 20/8/3 4/7/3
f 20/8/4 21/10/4 5/9/4
f 21/10/5 22/12/5 6/11/5
f 22/12/6 23/14/6 7/13/6
f 23/14/7 24/16/7 8/15/7
f 24/16/8 25/39/8 9/17/8
f 25/18/9 26/21/9 10/19/9
f 26/21/10 27/23/10 11/22/10
f 27/23/11 28/42/11 12/24/11
f 12/24/12 28/42/12 29/25/12
f 13/26/13 29/25/13 30/27/13
f 14/28/14 30/27/14 31/29/14
f 15/30/15 31/29/15 32/31/15
f 32/31/16 17/1/16 1/3/16
f 33/33/17 34/49/17 18/4/17
f 18/4/18 34/49/18 35/34/18
f 19/6/19 35/34/19 36/35/19
f 20/8/20 36/35/20 37/36/20
f 37/36/21 38/53/21 22/12/21
f 22/12/22 38/53/22 39/37/22
f 39/37/23 40/38/23 24/16/23
f 40/38/24 41/56/24 25/39/24
f 25/18/25 41/58/25 42/40/25
f 26/21/26 42/40/26 43/41/26
f 43/41/27 44/43/27 28/42/27
f 44/43/28 45/44/28 29/25/28
f 45/44/29 46/45/29 30/27/29
f 46/45/30 47/46/30 31/29/30
f 47/46/31 48/47/31 32/31/31
f 48/47/32 33/33/32 17/1/32
f 49/48/33 50/50/33 34/49/33
f 50/50/34 51/51/34 35/34/34
f 51/51/35 52/66/35 36/35/35
f 36/35/36 52/66/36 53/52/36
f 53/52/37 54/68/37 38/53/37
f 38/53/38 54/68/38 55/54/38
f 55/54/39 56/55/39 40/38/39
f 56/55/40 57/71/40 41/56/40
f 57/57/41 58/73/41 42/40/41
f 42/40/42 58/73/42 59/59/42
f 59/59/43 60/60/43 44/43/43
f 60/60/44 61/61/44 45/44/44
f 61/61/45 62/77/45 46/45/45
f 46/45/46 62/77/46 63/62/46
f 63/62/47 64/79/47 48/47/47
f 48/47/48 64/79/48 49/48/48
f 65/63/49 66/64/49 50/50/49
f 66/64/50 67/81/50 51/51/50
f 51/51/51 67/81/51 68/65/51
f 68/65/52 69/67/52 53/52/52
f 69/67/53 70/69/53 54/68/53
f 70/69/54 71/86/54 55/54/54
f 55/54/55 71/86/55 72/70/55
f 72/70/56 73/89/56 57/71/56
f 57/57/57 73/91/57 74/72/57
f 74/72/58 75/93/58 59/59/58
f 59/59/59 75/93/59 76/74/59
f 60/60/60 76/74/60 77/75/60
f 61/61/61 77/75/61 78/76/61
f 78/76/62 79/78/62 63/62/62
f 79/78/63 80/99/63 64/79/63
f 64/79/64 80/99/64 65/63/64
f 65/63/65 81/101/65 82/80/65
f 82/80/66 83/103/66 67/81/66
f 67/81/67 83/103/67 84/82/67
f 68/65/68 84/82/68 85/83/68
f 69/67/69 85/83/69 86/84/69
f 70/69/70 86/84/70 87/85/70
f 71/86/71 87/85/71 88/87/71
f 72/70/72 88/87/72 89/88/72
f 89/90/73 90/92/73 74/72/73
f 90/92/74 91/94/74 75/93/74
f 91/94/75 92/95/75 76/74/75
f 92/95/76 93/96/76 77/75/76
f 93/96/77 94/97/77 78/76/77
f 94/97/78 95/114/78 79/78/78
f 79/78/79 95/114/79 96/98/79
f 96/98/80 81/101/80 65/63/80
f 97/100/81 98/102/81 82/80/81
f 98/102/82 99/104/82 83/103/82
f 99/104/83 100/105/83 84/82/83
f 100/105/84 101/106/84 85/83/84
f 101/106/85 102/107/85 86/84/85
f 102/107/86 103/108/86 87/85/86
f 103/108/87 104/123/87 88/87/87
f 88/87/88 104/123/88 105/109/88
f 105/110/89 106/111/89 90/92/89
f 106/111/90 107/127/90 91/94/90
f 91/94/91 107/127/91 108/112/91
f 108/112/92 109/129/92 93/96/92
f 93/96/93 109/129/93 110/113/93
f 110/113/94 111/132/94 95/114/94
f 95/114/95 111/132/95 112/115/95
f 112/115/96 97/100/96 81/101/96
f 113/116/97 114/117/97 98/102/97
f 114/117/98 115/118/98 99/104/98
f 115/118/99 116/119/99 100/105/99
f 116/119/100 117/120/100 101/106/100
f 117/120/101 118/121/101 102/107/101
f 118/121/102 119/122/102 103/108/102
f 119/122/103 120/140/103 104/123/103
f 104/123/104 120/140/104 121/124/104
f 121/125/105 122/126/105 106/111/105
f 122/126/106 123/144/106 107/127/106
f 107/127/107 123/144/107 124/128/107
f 124/128/108 125/130/108 109/129/108
f 125/130/109 126/147/109 110/113/109
f 110/113/110 126/147/110 127/131/110
f 111/132/111 127/131/111 128/133/111
f 128/133/112 113/116/112 97/100/112
f 129/134/113 130/152/113 114/117/113
f 114/117/114 130/152/114 131/135/114
f 115/118/115 131/135/115 132/136/115
f 116/119/116 132/136/116 133/137/116
f 117/120/117 133/137/117 134/138/117
f 134/138/118 135/139/118 119/122/118
f 135/139/119 136/141/119 120/140/119
f 136/141/120 137/160/120 121/124/120
f 137/142/121 138/143/121 122/126/121
f 138/143/122 139/162/122 123/144/122
f 123/144/123 139/162/123 140/145/123
f 140/145/124 141/146/124 125/130/124
f 141/146/125 142/148/125 126/147/125
f 142/148/126 143/149/126 127/131/126
f 143/149/127 144/150/127 128/133/127
f 144/150/128 129/134/128 113/116/128
f 145/151/129 146/153/129 130/152/129
f 146/153/130 147/154/130 131/135/130
f 147/154/131 148/155/131 132/136/131
f 148/155/132 149/156/132 133/137/132
f 149/156/133 150/157/133 134/138/133
f 150/157/134 151/158/134 135/139/134
f 151/158/135 152/159/135 136/141/135
f 152/159/136 153/175/136 137/160/136
f 137/142/137 153/176/137 154/161/137
f 154/161/138 155/179/138 139/162/138
f 139/162/139 155/179/139 156/163/139
f 140/145/140 156/163/140 157/164/140
f 141/146/141 157/164/141 158/165/141
f 142/148/142 158/165/142 159/166/142
f 143/149/143 159/166/143 160/167/143
f 144/150/144 160/167/144 145/151/144
f 161/168/145 162/185/145 146/153/145
f 146/153/146 162/185/146 163/169/146
f 147/154/147 163/169/147 164/170/147
f 148/155/148 164/170/148 165/171/148
f 149/156/149 165/171/149 166/172/149
f 150/157/150 166/172/150 167/173/150
f 167/173/151 168/174/151 152/159/151
f 168/174/152 169/192/152 153/175/152
f 153/176/153 169/193/153 170/177/153
f 154/161/154 170/177/154 171/178/154
f 171/178/155 172/180/155 156/163/155
f 172/180/156 173/181/156 157/164/156
f 173/181/157 174/182/157 158/165/157
f 174/182/158 175/183/158 159/166/158
f 175/183/159 176/199/159 160/167/159
f 160/167/160 176/199/160 161/168/160
f 177/184/161 178/201/161 162/185/161
f 162/185/162 178/201/162 179/186/162
f 179/186/163 180/187/163 164/170/163
f 180/187/164 181/188/164 165/171/164
f 181/188/165 182/189/165 166/172/165
f 182/189/166 183/190/166 167/173/166
f 183/190/167 184/191/167 168/174/167
f 184/191/168 185/207/168 169/192/168
f 169/193/169 185/209/169 186/194/169
f 170/177/170 186/194/170 187/195/170
f 187/195/171 188/212/171 172/180/171
f 172/180/172 188/212/172 189/196/172
f 173/181/173 189/196/173 190/197/173
f 174/182/174 190/197/174 191/198/174
f 191/198/175 192/216/175 176/199/175
f 176/199/176 192/216/176 177/184/176
f 177/184/177 193/218/177 194/200/177
f 178/201/178 194/200/178 195/202/178
f 195/202/179 196/203/179 180/187/179
f 196/203/180 197/222/180 181/188/180
f 181/188/181 197/222/181 198/204/181
f 198/204/182 199/225/182 183/190/182
f 183/190/183 199/225/183 200/205/183
f 184/191/184 200/205/184 201/206/184
f 201/208/185 202/210/185 186/194/185
f 202/210/186 203/211/186 187/195/186
f 203/211/187 204/213/187 188/212/187
f 204/213/188 205/232/188 189/196/188
f 189/196/189 205/232/189 206/214/189
f 190/197/190 206/214/190 207/215/190
f 207/215/191 208/217/191 192/216/191
f 208/217/192 193/218/192 177/184/192
f 193/218/193 209/236/193 210/219/193
f 194/200/194 210/219/194 211/220/194
f 195/202/195 211/220/195 212/221/195
f 212/221/196 213/240/196 197/222/196
f 197/222/197 213/240/197 214/223/197
f 198/204/198 214/223/198 215/224/198
f 199/225/199 215/224/199 216/226/199
f 200/205/200 216/226/200 217/227/200
f 217/228/201 218/229/201 202/210/201
f 218/229/202 219/230/202 203/211/202
f 219/230/203 220/231/203 204/213/203
f 220/231/204 221/248/204 205/232/204
f 205/232/205 221/248/205 222/233/205
f 222/233/206 223/234/206 207/215/206
f 223/234/207 224/235/207 208/217/207
f 224/235/208 209/236/208 193/218/208
f 209/236/209 225/251/209 226/237/209
f 226/237/210 227/238/210 211/220/210
f 227/238/211 228/255/211 212/221/211
f 212/221/212 228/255/212 229/239/212
f 229/239/213 230/241/213 214/223/213
f 230/241/214 231/242/214 215/224/214
f 231/242/215 232/243/215 216/226/215
f 232/243/216 233/260/216 217/227/216
f 233/244/217 234/262/217 218/229/217
f 218/229/218 234/262/218 235/245/218
f 219/230/219 235/245/219 236/246/219
f 220/231/220 236/246/220 237/247/220
f 237/247/221 238/266/221 222/233/221
f 222/233/222 238/266/222 239/249/222
f 223/234/223 239/249/223 240/250/223
f 240/250/224 225/251/224 209/236/224
f 225/251/225 241/271/225 242/252/225
f 226/237/226 242/252/226 243/253/226
f 227/238/227 243/253/227 244/254/227
f 228/255/228 244/254/228 245/256/228
f 229/239/229 245/256/229 246/257/229
f 230/241/230 246/257/230 247/258/230
f 247/258/231 248/278/231 232/243/231
f 232/243/232 248/278/232 249/259/232
f 249/261/233 250/281/233 234/262/233
f 234/262/234 250/281/234 251/263/234
f 251/263/235 252/264/235 236/246/235
f 252/264/236 253/265/236 237/247/236
f 253/265/237 254/267/237 238/266/237
f 254/267/238 255/268/238 239/249/238
f 255/268/239 256/269/239 240/250/239
f 256/269/240 241/271/240 225/251/240
f 257/270/241 258/272/241 242/252/241
f 258/272/242 259/273/242 243/253/242
f 259/273/243 260/274/243 244/254/243
f 260/274/244 261/275/244 245/256/244
f 261/275/245 262/276/245 246/257/245
f 262/276/246 263/277/246 247/258/246
f 263/277/247 264/279/247 248/278/247
f 264/279/248 265/559/248 249/259/248
f 265/280/249 266/560/249 250/281/249
f 250/281/250 266/560/250 267/282/250
f 267/282/251 268/561/251 252/264/251
f 252/264/252 268/561/252 269/283/252
f 253/265/253 269/283/253 270/284/253
f 254/267/254 270/284/254 271/285/254
f 255/268/255 271/285/255 272/286/255
f 256/269/256 272/286/256 257/270/256
f 273/287/8 274/319/8 258/288/8
f 258/288/7 274/319/7 275/290/7
f 259/291/6 275/290/6 276/292/6
f 260/293/5 276/292/5 277/294/5
f 261/295/4 277/294/4 278/296/4
f 262/297/3 278/296/3 279/298/3
f 263/299/2 279/298/2 280/300/2
f 280/300/1 281/327/1 265/302/1
f 265/303/16 281/328/16 282/304/16
f 282/304/15 283/307/15 267/306/15
f 283/307/14 284/309/14 268/308/14
f 284/309/13 285/311/13 269/310/13
f 285/311/12 286/313/12 270/312/12
f 286/313/11 287/315/11 271/314/11
f 287/315/10 288/317/10 272/316/10
f 288/317/9 273/287/9 257/289/9
f 289/318/24 290/320/24 274/319/24
f 290/320/23 291/321/23 275/290/23
f 291/321/22 292/322/22 276/292/22
f 292/322/21 293/323/21 277/294/21
f 293/323/20 294/324/20 278/296/20
f 294/324/19 295/325/19 279/298/19
f 295/325/18 296/326/18 280/300/18
f 296/326/17 297/341/17 281/327/17
f 281/328/32 297/343/32 298/329/32
f 298/329/31 299/345/31 283/307/31
f 283/307/30 299/345/30 300/330/30
f 284/309/29 300/330/29 301/331/29
f 285/311/28 301/331/28 302/332/28
f 286/313/27 302/332/27 303/333/27
f 287/315/26 303/333/26 304/334/26
f 304/334/25 289/318/25 273/287/25
f 305/335/40 306/336/40 290/320/40
f 306/336/39 307/353/39 291/321/39
f 291/321/38 307/353/38 308/337/38
f 308/337/37 309/356/37 293/323/37
f 293/323/36 309/356/36 310/338/36
f 294/324/35 310/338/35 311/339/35
f 311/339/34 312/340/34 296/326/34
f 312/340/33 313/360/33 297/341/33
f 313/342/48 314/344/48 298/329/48
f 314/344/47 315/346/47 299/345/47
f 315/346/46 316/347/46 300/330/46
f 316/347/45 317/365/45 301/331/45
f 301/331/44 317/365/44 318/348/44
f 318/348/43 319/349/43 303/333/43
f 319/349/42 320/350/42 304/334/42
f 320/350/41 305/335/41 289/318/41
f 321/351/56 322/352/56 306/336/56
f 322/352/55 323/354/55 307/353/55
f 323/354/54 324/370/54 308/337/54
f 308/337/53 324/370/53 325/355/53
f 325/355/52 326/357/52 310/338/52
f 326/357/51 327/358/51 311/339/51
f 327/358/50 328/359/50 312/340/50
f 328/359/49 329/374/49 313/360/49
f 313/342/64 329/375/64 330/361/64
f 314/344/63 330/361/63 331/362/63
f 315/346/62 331/362/62 332/363/62
f 316/347/61 332/363/61 333/364/61
f 333/364/60 334/379/60 318/348/60
f 318/348/59 334/379/59 335/366/59
f 319/349/58 335/366/58 336/367/58
f 320/350/57 336/367/57 321/351/57
f 321/351/72 337/382/72 338/368/72
f 338/368/71 339/369/71 323/354/71
f 339/369/70 340/385/70 324/370/70
f 324/370/69 340/385/69 341/371/69
f 341/371/68 342/388/68 326/357/68
f 326/357/67 342/388/67 343/372/67
f 327/358/66 343/372/66 344/373/66
f 344/373/65 345/390/65 329/374/65
f 329/375/80 345/392/80 346/376/80
f 346/376/79 347/377/79 331/362/79
f 347/377/78 348/395/78 332/363/78
f 332/363/77 348/395/77 349/378/77
f 349/378/76 350/398/76 334/379/76
f 334/379/75 350/398/75 351/380/75
f 335/366/74 351/380/74 352/381/74
f 352/381/73 337/382/73 321/351/73
f 337/382/88 353/401/88 354/383/88
f 354/383/87 355/384/87 339/369/87
f 355/384/86 356/405/86 340/385/86
f 340/385/85 356/405/85 357/386/85
f 341/371/84 357/386/84 358/387/84
f 358/387/83 359/409/83 343/372/83
f 343/372/82 359/409/82 360/389/82
f 360/389/81 361/412/81 345/390/81
f 361/391/96 362/393/96 346/376/96
f 362/393/95 363/394/95 347/377/95
f 363/394/94 364/396/94 348/395/94
f 364/396/93 365/397/93 349/378/93
f 365/397/92 366/418/92 350/398/92
f 350/398/91 366/418/91 367/399/91
f 351/380/90 367/399/90 368/400/90
f 368/400/89 353/401/89 337/382/89
f 353/401/104 369/423/104 370/402/104
f 354/383/103 370/402/103 371/403/103
f 355/384/102 371/403/102 372/404/102
f 356/405/101 372/404/101 373/406/101
f 357/386/100 373/406/100 374/407/100
f 358/387/99 374/407/99 375/408/99
f 359/409/98 375/408/98 376/410/98
f 360/389/97 376/410/97 377/411/97
f 377/413/112 378/414/112 362/393/112
f 378/414/111 379/415/111 363/394/111
f 379/415/110 380/416/110 364/396/110
f 380/416/109 381/417/109 365/397/109
f 381/417/108 382/419/108 366/418/108
f 382/419/107 383/420/107 367/399/107
f 383/420/106 384/421/106 368/400/106
f 384/421/105 369/423/105 353/401/105
f 385/422/120 386/424/120 370/402/120
f 386/424/119 387/425/119 371/403/119
f 387/425/118 388/426/118 372/404/118
f 388/426/117 389/427/117 373/406/117
f 389/427/116 390/428/116 374/407/116
f 390/428/115 391/429/115 375/408/115
f 391/429/114 392/430/114 376/410/114
f 392/430/113 393/444/113 377/411/113
f 393/431/128 394/432/128 378/414/128
f 394/432/127 395/447/127 379/415/127
f 379/415/126 395/447/126 396/433/126
f 380/416/125 396/433/125 397/434/125
f 397/434/124 398/451/124 382/419/124
f 382/419/123 398/451/123 399/435/123
f 383/420/122 399/435/122 400/436/122
f 384/421/121 400/436/121 385/422/121
f 401/437/136 402/438/136 386/424/136
f 402/438/135 403/439/135 387/425/135
f 403/439/134 404/457/134 388/426/134
f 388/426/133 404/457/133 405/440/133
f 389/427/132 405/440/132 406/441/132
f 390/428/131 406/441/131 407/442/131
f 407/442/130 408/443/130 392/430/130
f 408/443/129 409/461/129 393/444/129
f 409/445/144 410/446/144 394/432/144
f 410/446/143 411/448/143 395/447/143
f 411/448/142 412/449/142 396/433/142
f 412/449/141 413/450/141 397/434/141
f 413/450/140 414/467/140 398/451/140
f 398/451/139 414/467/139 415/452/139
f 399/435/138 415/452/138 416/453/138
f 416/453/137 401/437/137 385/422/137
f 417/454/152 418/471/152 402/438/152
f 402/438/151 418/471/151 419/455/151
f 403/439/150 419/455/150 420/456/150
f 420/456/149 421/458/149 405/440/149
f 421/458/148 422/459/148 406/441/148
f 422/459/147 423/475/147 407/442/147
f 407/442/146 423/475/146 424/460/146
f 424/460/145 425/477/145 409/461/145
f 425/462/160 426/463/160 410/446/160
f 426/463/159 427/479/159 411/448/159
f 411/448/158 427/479/158 428/464/158
f 412/449/157 428/464/157 429/465/157
f 413/450/156 429/465/156 430/466/156
f 430/466/155 431/468/155 415/452/155
f 431/468/154 432/469/154 416/453/154
f 432/469/153 417/454/153 401/437/153
f 433/470/168 434/487/168 418/471/168
f 418/471/167 434/487/167 435/472/167
f 435/472/166 436/489/166 420/456/166
f 420/456/165 436/489/165 437/473/165
f 437/473/164 438/492/164 422/459/164
f 422/459/163 438/492/163 439/474/163
f 439/474/162 440/476/162 424/460/162
f 440/476/161 441/495/161 425/477/161
f 425/462/176 441/497/176 442/478/176
f 442/478/175 443/480/175 427/479/175
f 443/480/174 444/481/174 428/464/174
f 444/481/173 445/482/173 429/465/173
f 445/482/172 446/483/172 430/466/172
f 446/483/171 447/484/171 431/468/171
f 447/484/170 448/485/170 432/469/170
f 448/485/169 433/470/169 417/454/169
f 449/486/184 450/503/184 434/487/184
f 434/487/183 450/503/183 451/488/183
f 451/488/182 452/490/182 436/489/182
f 452/490/181 453/506/181 437/473/181
f 437/473/180 453/506/180 454/491/180
f 438/492/179 454/491/179 455/493/179
f 455/493/178 456/510/178 440/476/178
f 440/476/177 456/510/177 457/494/177
f 457/496/192 458/513/192 442/478/192
f 442/478/191 458/513/191 459/498/191
f 459/498/190 460/499/190 444/481/190
f 460/499/189 461/517/189 445/482/189
f 445/482/188 461/517/188 462/500/188
f 446/483/187 462/500/187 463/501/187
f 463/501/186 464/520/186 448/485/186
f 448/485/185 464/520/185 449/486/185
f 449/486/200 465/522/200 466/502/200
f 466/502/199 467/504/199 451/488/199
f 467/504/198 468/505/198 452/490/198
f 468/505/197 469/507/197 453/506/197
f 469/507/196 470/508/196 454/491/196
f 470/508/195 471/509/195 455/493/195
f 471/509/194 472/527/194 456/510/194
f 456/510/193 472/527/193 473/511/193
f 473/512/208 474/530/208 458/513/208
f 458/513/207 474/530/207 475/514/207
f 459/498/206 475/514/206 476/515/206
f 460/499/205 476/515/205 477/516/205
f 461/517/204 477/516/204 478/518/204
f 462/500/203 478/518/203 479/519/203
f 479/519/202 480/521/202 464/520/202
f 480/521/201 465/522/201 449/486/201
f 465/522/216 481/538/216 482/523/216
f 466/502/215 482/523/215 483/524/215
f 483/524/214 484/540/214 468/505/214
f 468/505/213 484/540/213 485/525/213
f 485/525/212 486/543/212 470/508/212
f 470/508/211 486/543/211 487/526/211
f 487/526/210 488/546/210 472/527/210
f 472/527/209 488/546/209 489/528/209
f 489/529/224 490/531/224 474/530/224
f 490/531/223 491/532/223 475/514/223
f 491/532/222 492/551/222 476/515/222
f 476/515/221 492/551/221 493/533/221
f 493/533/220 494/534/220 478/518/220
f 494/534/219 495/535/219 479/519/219
f 495/535/218 496/536/218 480/521/218
f 496/536/217 481/538/217 465/522/217
f 497/537/232 498/556/232 482/523/232
f 482/523/231 498/556/231 499/539/231
f 499/539/230 500/541/230 484/540/230
f 500/541/229 501/542/229 485/525/229
f 501/542/228 502/544/228 486/543/228
f 502/544/227 503/545/227 487/526/227
f 503/545/226 504/557/226 488/546/226
f 488/546/225 504/557/225 505/547/225
f 505/548/240 506/558/240 490/531/240
f 490/531/239 506/558/239 507/549/239
f 491/532/238 507/549/238 508/550/238
f 492/551/237 508/550/237 509/552/237
f 493/533/236 509/552/236 510/553/236
f 494/534/235 510/553/235 511/554/235
f 511/554/234 512/555/234 496/536/234
f 512/555/233 497/537/233 481/538/233
f 1/3/248 2/2/248 498/556/248
f 2/2/247 3/5/247 499/539/247
f 3/5/246 4/7/246 500/541/246
f 4/7/245 5/9/245 501/542/245
f 501/542/244 5/9/244 6/11/244
f 502/544/243 6/11/243 7/13/243
f 7/13/242 8/15/242 504/557/242
f 8/15/241 9/17/241 505/547/241
f 505/548/256 9/20/256 10/19/256
f 10/19/255 11/22/255 507/549/255
f 11/22/254 12/24/254 508/550/254
f 12/24/253 13/26/253 509/552/253
f 509/552/252 13/26/252 14/28/252
f 510/553/251 14/28/251 15/30/251
f 511/554/250 15/30/250 16/32/250
f 512/555/249 16/32/249 1/3/249
f 529/1/258 514/2/258 513/3/258
f 530/4/259 515/5/259 514/2/259
f 531/6/260 516/7/260 515/5/260
f 532/8/261 517/9/261 516/7/261
f 533/10/262 518/11/262 517/9/262
f 534/12/263 519/13/263 518/11/263
f 535/14/264 520/15/264 519/13/264
f 536/16/265 521/17/265 520/15/265
f 537/18/266 522/19/266 521/20/266
f 538/21/267 523/22/267 522/19/267
f 539/23/268 524/24/268 523/22/268
f 524/24/269 541/25/269 525/26/269
f 525/26/270 542/27/270 526/28/270
f 526/28/271 543/29/271 527/30/271
f 527/30/272 544/31/272 528/32/272
f 544/31/273 513/3/273 528/32/273
f 545/33/274 530/4/274 529/1/274
f 530/4/275 547/34/275 531/6/275
f 531/6/276 548/35/276 532/8/276
f 532/8/277 549/36/277 533/10/277
f 549/36/278 534/12/278 533/10/278
f 534/12/279 551/37/279 535/14/279
f 551/37/280 536/16/280 535/14/280
f 552/38/281 537/39/281 536/16/281
f 537/18/282 554/40/282 538/21/282
f 538/21/283 555/41/283 539/23/283
f 555/41/284 540/42/284 539/23/284
f 556/43/285 541/25/285 540/42/285
f 557/44/286 542/27/286 541/25/286
f 558/45/287 543/29/287 542/27/287
f 559/46/288 544/31/288 543/29/288
f 560/47/289 529/1/289 544/31/289
f 561/48/290 546/49/290 545/33/290
f 562/50/291 547/34/291 546/49/291
f 563/51/292 548/35/292 547/34/292
f 548/35/293 565/52/293 549/36/293
f 565/52/294 550/53/294 549/36/294
f 550/53/295 567/54/295 551/37/295
f 567/54/296 552/38/296 551/37/296
f 568/55/297 553/56/297 552/38/297
f 569/57/298 554/40/298 553/58/298
f 554/40/299 571/59/299 555/41/299
f 571/59/300 556/43/300 555/41/300
f 572/60/301 557/44/301 556/43/301
f 573/61/302 558/45/302 557/44/302
f 558/45/303 575/62/303 559/46/303
f 575/62/304 560/47/304 559/46/304
f 560/47/305 561/48/305 545/33/305
f 577/63/306 562/50/306 561/48/306
f 578/64/307 563/51/307 562/50/307
f 563/51/308 580/65/308 564/66/308
f 580/65/309 565/52/309 564/66/309
f 581/67/310 566/68/310 565/52/310
f 582/69/311 567/54/311 566/68/311
f 567/54/312 584/70/312 568/55/312
f 584/70/313 569/71/313 568/55/313
f 569/57/314 586/72/314 570/73/314
f 586/72/315 571/59/315 570/73/315
f 571/59/316 588/74/316 572/60/316
f 572/60/317 589/75/317 573/61/317
f 573/61/318 590/76/318 574/77/318
f 590/76/319 575/62/319 574/77/319
f 591/78/320 576/79/320 575/62/320
f 576/79/321 577/63/321 561/48/321
f 577/63/322 594/80/322 578/64/322
f 594/80/323 579/81/323 578/64/323
f 579/81/324 596/82/324 580/65/324
f 580/65/325 597/83/325 581/67/325
f 581/67/326 598/84/326 582/69/326
f 582/69/327 599/85/327 583/86/327
f 583/86/328 600/87/328 584/70/328
f 584/70/329 601/88/329 585/89/329
f 601/90/330 586/72/330 585/91/330
f 602/92/331 587/93/331 586/72/331
f 603/94/332 588/74/332 587/93/332
f 604/95/333 589/75/333 588/74/333
f 605/96/334 590/76/334 589/75/334
f 606/97/335 591/78/335 590/76/335
f 591/78/336 608/98/336 592/99/336
f 608/98/337 577/63/337 592/99/337
f 609/100/338 594/80/338 593/101/338
f 610/102/339 595/103/339 594/80/339
f 611/104/340 596/82/340 595/103/340
f 612/105/341 597/83/341 596/82/341
f 613/106/342 598/84/342 597/83/342
f 614/107/343 599/85/343 598/84/343
f 615/108/344 600/87/344 599/85/344
f 600/87/345 617/109/345 601/88/345
f 617/110/346 602/92/346 601/90/346
f 618/111/347 603/94/347 602/92/347
f 603/94/348 620/112/348 604/95/348
f 620/112/349 605/96/349 604/95/349
f 605/96/350 622/113/350 606/97/350
f 622/113/351 607/114/351 606/97/351
f 607/114/352 624/115/352 608/98/352
f 624/115/353 593/101/353 608/98/353
f 625/116/354 610/102/354 609/100/354
f 626/117/355 611/104/355 610/102/355
f 627/118/356 612/105/356 611/104/356
f 628/119/357 613/106/357 612/105/357
f 629/120/358 614/107/358 613/106/358
f 630/121/359 615/108/359 614/107/359
f 631/122/360 616/123/360 615/108/360
f 616/123/361 633/124/361 617/109/361
f 633/125/362 618/111/362 617/110/362
f 634/126/363 619/127/363 618/111/363
f 619/127/364 636/128/364 620/112/364
f 636/128/365 621/129/365 620/112/365
f 637/130/366 622/113/366 621/129/366
f 622/113/367 639/131/367 623/132/367
f 623/132/368 640/133/368 624/115/368
f 640/133/369 609/100/369 624/115/369
f 641/134/370 626/117/370 625/116/370
f 626/117/371 643/135/371 627/118/371
f 627/118/372 644/136/372 628/119/372
f 628/119/373 645/137/373 629/120/373
f 629/120/374 646/138/374 630/121/374
f 646/138/375 631/122/375 630/121/375
f 647/139/376 632/140/376 631/122/376
f 648/141/377 633/124/377 632/140/377
f 649/142/378 634/126/378 633/125/378
f 650/143/379 635/144/379 634/126/379
f 635/144/380 652/145/380 636/128/380
f 652/145/381 637/130/381 636/128/381
f 653/146/382 638/147/382 637/130/382
f 654/148/383 639/131/383 638/147/383
f 655/149/384 640/133/384 639/131/384
f 656/150/385 625/116/385 640/133/385
f 657/151/386 642/152/386 641/134/386
f 658/153/387 643/135/387 642/152/387
f 659/154/388 644/136/388 643/135/388
f 660/155/389 645/137/389 644/136/389
f 661/156/390 646/138/390 645/137/390
f 662/157/391 647/139/391 646/138/391
f 663/158/392 648/141/392 647/139/392
f 664/159/393 649/160/393 648/141/393
f 649/142/394 666/161/394 650/143/394
f 666/161/395 651/162/395 650/143/395
f 651/162/396 668/163/396 652/145/396
f 652/145/397 669/164/397 653/146/397
f 653/146/398 670/165/398 654/148/398
f 654/148/399 671/166/399 655/149/399
f 655/149/400 672/167/400 656/150/400
f 656/150/401 657/151/401 641/134/401
f 673/168/402 658/153/402 657/151/402
f 658/153/403 675/169/403 659/154/403
f 659/154/404 676/170/404 660/155/404
f 660/155/405 677/171/405 661/156/405
f 661/156/406 678/172/406 662/157/406
f 662/157/407 679/173/407 663/158/407
f 679/173/408 664/159/408 663/158/408
f 680/174/409 665/175/409 664/159/409
f 665/176/410 682/177/410 666/161/410
f 666/161/411 683/178/411 667/179/411
f 683/178/412 668/163/412 667/179/412
f 684/180/413 669/164/413 668/163/413
f 685/181/414 670/165/414 669/164/414
f 686/182/415 671/166/415 670/165/415
f 687/183/416 672/167/416 671/166/416
f 672/167/417 673/168/417 657/151/417
f 689/184/418 674/185/418 673/168/418
f 674/185/419 691/186/419 675/169/419
f 691/186/420 676/170/420 675/169/420
f 692/187/421 677/171/421 676/170/421
f 693/188/422 678/172/422 677/171/422
f 694/189/423 679/173/423 678/172/423
f 695/190/424 680/174/424 679/173/424
f 696/191/425 681/192/425 680/174/425
f 681/193/426 698/194/426 682/177/426
f 682/177/427 699/195/427 683/178/427
f 699/195/428 684/180/428 683/178/428
f 684/180/429 701/196/429 685/181/429
f 685/181/430 702/197/430 686/182/430
f 686/182/431 703/198/431 687/183/431
f 703/198/432 688/199/432 687/183/432
f 688/199/433 689/184/433 673/168/433
f 689/184/434 706/200/434 690/201/434
f 690/201/435 707/202/435 691/186/435
f 707/202/436 692/187/436 691/186/436
f 708/203/437 693/188/437 692/187/437
f 693/188/438 710/204/438 694/189/438
f 710/204/439 695/190/439 694/189/439
f 695/190/440 712/205/440 696/191/440
f 696/191/441 713/206/441 697/207/441
f 713/208/442 698/194/442 697/209/442
f 714/210/443 699/195/443 698/194/443
f 715/211/444 700/212/444 699/195/444
f 716/213/445 701/196/445 700/212/445
f 701/196/446 718/214/446 702/197/446
f 702/197/447 719/215/447 703/198/447
f 719/215/448 704/216/448 703/198/448
f 720/217/449 689/184/449 704/216/449
f 705/218/450 722/219/450 706/200/450
f 706/200/451 723/220/451 707/202/451
f 707/202/452 724/221/452 708/203/452
f 724/221/453 709/222/453 708/203/453
f 709/222/454 726/223/454 710/204/454
f 710/204/455 727/224/455 711/225/455
f 711/225/456 728/226/456 712/205/456
f 712/205/457 729/227/457 713/206/457
f 729/228/458 714/210/458 713/208/458
f 730/229/459 715/211/459 714/210/459
f 731/230/460 716/213/460 715/211/460
f 732/231/461 717/232/461 716/213/461
f 717/232/462 734/233/462 718/214/462
f 734/233/463 719/215/463 718/214/463
f 735/234/464 720/217/464 719/215/464
f 736/235/465 705/218/465 720/217/465
f 721/236/466 738/237/466 722/219/466
f 738/237/467 723/220/467 722/219/467
f 739/238/468 724/221/468 723/220/468
f 724/221/469 741/239/469 725/240/469
f 741/239/470 726/223/470 725/240/470
f 742/241/471 727/224/471 726/223/471
f 743/242/472 728/226/472 727/224/472
f 744/243/473 729/227/473 728/226/473
f 745/244/474 730/229/474 729/228/474
f 730/229/475 747/245/475 731/230/475
f 731/230/476 748/246/476 732/231/476
f 732/231/477 749/247/477 733/248/477
f 749/247/478 734/233/478 733/248/478
f 734/233/479 751/249/479 735/234/479
f 735/234/480 752/250/480 736/235/480
f 752/250/481 721/236/481 736/235/481
f 737/251/482 754/252/482 738/237/482
f 738/237/483 755/253/483 739/238/483
f 739/238/484 756/254/484 740/255/484
f 740/255/485 757/256/485 741/239/485
f 741/239/486 758/257/486 742/241/486
f 742/241/487 759/258/487 743/242/487
f 759/258/488 744/243/488 743/242/488
f 744/243/489 761/259/489 745/260/489
f 761/261/490 746/262/490 745/244/490
f 746/262/491 763/263/491 747/245/491
f 763/263/492 748/246/492 747/245/492
f 764/264/493 749/247/493 748/246/493
f 765/265/494 750/266/494 749/247/494
f 766/267/495 751/249/495 750/266/495
f 767/268/496 752/250/496 751/249/496
f 768/269/497 737/251/497 752/250/497
f 769/270/498 754/252/498 753/271/498
f 770/272/499 755/253/499 754/252/499
f 771/273/500 756/254/500 755/253/500
f 772/274/501 757/256/501 756/254/501
f 773/275/502 758/257/502 757/256/502
f 774/276/503 759/258/503 758/257/503
f 775/277/504 760/278/504 759/258/504
f 776/279/505 761/259/505 760/278/505
f 777/280/506 762/281/506 761/261/506
f 762/281/507 779/282/507 763/263/507
f 779/282/508 764/264/508 763/263/508
f 764/264/509 781/283/509 765/265/509
f 765/265/510 782/284/510 766/267/510
f 766/267/511 783/285/511 767/268/511
f 767/268/512 784/286/512 768/269/512
f 768/269/513 769/270/513 753/271/513
f 785/287/265 770/288/265 769/289/265
f 770/288/264 787/290/264 771/291/264
f 771/291/263 788/292/263 772/293/263
f 772/293/262 789/294/262 773/295/262
f 773/295/261 790/296/261 774/297/261
f 774/297/260 791/298/260 775/299/260
f 775/299/259 792/300/259 776/301/259
f 792/300/258 777/302/258 776/301/258
f 777/303/273 794/304/273 778/305/273
f 794/304/272 779/306/272 778/305/272
f 795/307/271 780/308/271 779/306/271
f 796/309/270 781/310/270 780/308/270
f 797/311/269 782/312/269 781/310/269
f 798/313/268 783/314/268 782/312/268
f 799/315/267 784/316/267 783/314/267
f 800/317/266 769/289/266 784/316/266
f 801/318/281 786/319/281 785/287/281
f 802/320/280 787/290/280 786/319/280
f 803/321/279 788/292/279 787/290/279
f 804/322/278 789/294/278 788/292/278
f 805/323/277 790/296/277 789/294/277
f 806/324/276 791/298/276 790/296/276
f 807/325/275 792/300/275 791/298/275
f 808/326/274 793/327/274 792/300/274
f 793/328/289 810/329/289 794/304/289
f 810/329/288 795/307/288 794/304/288
f 795/307/287 812/330/287 796/309/287
f 796/309/286 813/331/286 797/311/286
f 797/311/285 814/332/285 798/313/285
f 798/313/284 815/333/284 799/315/284
f 799/315/283 816/334/283 800/317/283
f 816/334/282 785/287/282 800/317/282
f 817/335/297 802/320/297 801/318/297
f 818/336/296 803/321/296 802/320/296
f 803/321/295 820/337/295 804/322/295
f 820/337/294 805/323/294 804/322/294
f 805/323/293 822/338/293 806/324/293
f 806/324/292 823/339/292 807/325/292
f 823/339/291 808/326/291 807/325/291
f 824/340/290 809/341/290 808/326/290
f 825/342/305 810/329/305 809/343/305
f 826/344/304 811/345/304 810/329/304
f 827/346/303 812/330/303 811/345/303
f 828/347/302 813/331/302 812/330/302
f 813/331/301 830/348/301 814/332/301
f 830/348/300 815/333/300 814/332/300
f 831/349/299 816/334/299 815/333/299
f 832/350/298 801/318/298 816/334/298
f 833/351/313 818/336/313 817/335/313
f 834/352/312 819/353/312 818/336/312
f 835/354/311 820/337/311 819/353/311
f 820/337/310 837/355/310 821/356/310
f 837/355/309 822/338/309 821/356/309
f 838/357/308 823/339/308 822/338/308
f 839/358/307 824/340/307 823/339/307
f 840/359/306 825/360/306 824/340/306
f 825/342/321 842/361/321 826/344/321
f 826/344/320 843/362/320 827/346/320
f 827/346/319 844/363/319 828/347/319
f 828/347/318 845/364/318 829/365/318
f 845/364/317 830/348/317 829/365/317
f 830/348/316 847/366/316 831/349/316
f 831/349/315 848/367/315 832/350/315
f 832/350/314 833/351/314 817/335/314
f 833/351/329 850/368/329 834/352/329
f 850/368/328 835/354/328 834/352/328
f 851/369/327 836/370/327 835/354/327
f 836/370/326 853/371/326 837/355/326
f 853/371/325 838/357/325 837/355/325
f 838/357/324 855/372/324 839/358/324
f 839/358/323 856/373/323 840/359/323
f 856/373/322 841/374/322 840/359/322
f 841/375/337 858/376/337 842/361/337
f 858/376/336 843/362/336 842/361/336
f 859/377/335 844/363/335 843/362/335
f 844/363/334 861/378/334 845/364/334
f 861/378/333 846/379/333 845/364/333
f 846/379/332 863/380/332 847/366/332
f 847/366/331 864/381/331 848/367/331
f 864/381/330 833/351/330 848/367/330
f 849/382/345 866/383/345 850/368/345
f 866/383/344 851/369/344 850/368/344
f 867/384/343 852/385/343 851/369/343
f 852/385/342 869/386/342 853/371/342
f 853/371/341 870/387/341 854/388/341
f 870/387/340 855/372/340 854/388/340
f 855/372/339 872/389/339 856/373/339
f 872/389/338 857/390/338 856/373/338
f 873/391/353 858/376/353 857/392/353
f 874/393/352 859/377/352 858/376/352
f 875/394/351 860/395/351 859/377/351
f 876/396/350 861/378/350 860/395/350
f 877/397/349 862/398/349 861/378/349
f 862/398/348 879/399/348 863/380/348
f 863/380/347 880/400/347 864/381/347
f 880/400/346 849/382/346 864/381/346
f 865/401/361 882/402/361 866/383/361
f 866/383/360 883/403/360 867/384/360
f 867/384/359 884/404/359 868/405/359
f 868/405/358 885/406/358 869/386/358
f 869/386/357 886/407/357 870/387/357
f 870/387/356 887/408/356 871/409/356
f 871/409/355 888/410/355 872/389/355
f 872/389/354 889/411/354 873/412/354
f 889/413/369 874/393/369 873/391/369
f 890/414/368 875/394/368 874/393/368
f 891/415/367 876/396/367 875/394/367
f 892/416/366 877/397/366 876/396/366
f 893/417/365 878/418/365 877/397/365
f 894/419/364 879/399/364 878/418/364
f 895/420/363 880/400/363 879/399/363
f 896/421/362 865/401/362 880/400/362
f 897/422/377 882/402/377 881/423/377
f 898/424/376 883/403/376 882/402/376
f 899/425/375 884/404/375 883/403/375
f 900/426/374 885/406/374 884/404/374
f 901/427/373 886/407/373 885/406/373
f 902/428/372 887/408/372 886/407/372
f 903/429/371 888/410/371 887/408/371
f 904/430/370 889/411/370 888/410/370
f 905/431/385 890/414/385 889/413/385
f 906/432/384 891/415/384 890/414/384
f 891/415/383 908/433/383 892/416/383
f 892/416/382 909/434/382 893/417/382
f 909/434/381 894/419/381 893/417/381
f 894/419/380 911/435/380 895/420/380
f 895/420/379 912/436/379 896/421/379
f 896/421/378 897/422/378 881/423/378
f 913/437/393 898/424/393 897/422/393
f 914/438/392 899/425/392 898/424/392
f 915/439/391 900/426/391 899/425/391
f 900/426/390 917/440/390 901/427/390
f 901/427/389 918/441/389 902/428/389
f 902/428/388 919/442/388 903/429/388
f 919/442/387 904/430/387 903/429/387
f 920/443/386 905/444/386 904/430/386
f 921/445/401 906/432/401 905/431/401
f 922/446/400 907/447/400 906/432/400
f 923/448/399 908/433/399 907/447/399
f 924/449/398 909/434/398 908/433/398
f 925/450/397 910/451/397 909/434/397
f 910/451/396 927/452/396 911/435/396
f 911/435/395 928/453/395 912/436/395
f 928/453/394 897/422/394 912/436/394
f 929/454/409 914/438/409 913/437/409
f 914/438/408 931/455/408 915/439/408
f 915/439/407 932/456/407 916/457/407
f 932/456/406 917/440/406 916/457/406
f 933/458/405 918/441/405 917/440/405
f 934/459/404 919/442/404 918/441/404
f 919/442/403 936/460/403 920/443/403
f 936/460/402 921/461/402 920/443/402
f 937/462/417 922/446/417 921/445/417
f 938/463/416 923/448/416 922/446/416
f 923/448/415 940/464/415 924/449/415
f 924/449/414 941/465/414 925/450/414
f 925/450/413 942/466/413 926/467/413
f 942/466/412 927/452/412 926/467/412
f 943/468/411 928/453/411 927/452/411
f 944/469/410 913/437/410 928/453/410
f 945/470/425 930/471/425 929/454/425
f 930/471/424 947/472/424 931/455/424
f 947/472/423 932/456/423 931/455/423
f 932/456/422 949/473/422 933/458/422
f 949/473/421 934/459/421 933/458/421
f 934/459/420 951/474/420 935/475/420
f 951/474/419 936/460/419 935/475/419
f 952/476/418 937/477/418 936/460/418
f 937/462/433 954/478/433 938/463/433
f 954/478/432 939/479/432 938/463/432
f 955/480/431 940/464/431 939/479/431
f 956/481/430 941/465/430 940/464/430
f 957/482/429 942/466/429 941/465/429
f 958/483/428 943/468/428 942/466/428
f 959/484/427 944/469/427 943/468/427
f 960/485/426 929/454/426 944/469/426
f 961/486/441 946/487/441 945/470/441
f 946/487/440 963/488/440 947/472/440
f 963/488/439 948/489/439 947/472/439
f 964/490/438 949/473/438 948/489/438
f 949/473/437 966/491/437 950/492/437
f 950/492/436 967/493/436 951/474/436
f 967/493/435 952/476/435 951/474/435
f 952/476/434 969/494/434 953/495/434
f 969/496/449 954/478/449 953/497/449
f 954/478/448 971/498/448 955/480/448
f 971/498/447 956/481/447 955/480/447
f 972/499/446 957/482/446 956/481/446
f 957/482/445 974/500/445 958/483/445
f 958/483/444 975/501/444 959/484/444
f 975/501/443 960/485/443 959/484/443
f 960/485/442 961/486/442 945/470/442
f 961/486/457 978/502/457 962/503/457
f 978/502/456 963/488/456 962/503/456
f 979/504/455 964/490/455 963/488/455
f 980/505/454 965/506/454 964/490/454
f 981/507/453 966/491/453 965/506/453
f 982/508/452 967/493/452 966/491/452
f 983/509/451 968/510/451 967/493/451
f 968/510/450 985/511/450 969/494/450
f 985/512/465 970/513/465 969/496/465
f 970/513/464 987/514/464 971/498/464
f 971/498/463 988/515/463 972/499/463
f 972/499/462 989/516/462 973/517/462
f 973/517/461 990/518/461 974/500/461
f 974/500/460 991/519/460 975/501/460
f 991/519/459 976/520/459 975/501/459
f 992/521/458 961/486/458 976/520/458
f 977/522/473 994/523/473 978/502/473
f 978/502/472 995/524/472 979/504/472
f 995/524/471 980/505/471 979/504/471
f 980/505/470 997/525/470 981/507/470
f 997/525/469 982/508/469 981/507/469
f 982/508/468 999/526/468 983/509/468
f 999/526/467 984/527/467 983/509/467
f 984/527/466 1001/528/466 985/511/466
f 1001/529/481 986/530/481 985/512/481
f 1002/531/480 987/514/480 986/530/480
f 1003/532/479 988/515/479 987/514/479
f 988/515/478 1005/533/478 989/516/478
f 1005/533/477 990/518/477 989/516/477
f 1006/534/476 991/519/476 990/518/476
f 1007/535/475 992/521/475 991/519/475
f 1008/536/474 977/522/474 992/521/474
f 1009/537/489 994/523/489 993/538/489
f 994/523/488 1011/539/488 995/524/488
f 1011/539/487 996/540/487 995/524/487
f 1012/541/486 997/525/486 996/540/486
f 1013/542/485 998/543/485 997/525/485
f 1014/544/484 999/526/484 998/543/484
f 1015/545/483 1000/546/483 999/526/483
f 1000/546/482 1017/547/482 1001/528/482
f 1017/548/497 1002/531/497 1001/529/497
f 1002/531/496 1019/549/496 1003/532/496
f 1003/532/495 1020/550/495 1004/551/495
f 1004/551/494 1021/552/494 1005/533/494
f 1005/533/493 1022/553/493 1006/534/493
f 1006/534/492 1023/554/492 1007/535/492
f 1023/554/491 1008/536/491 1007/535/491
f 1024/555/490 993/538/490 1008/536/490
f 513/3/505 1010/556/505 1009/537/505
f 514/2/504 1011/539/504 1010/556/504
f 515/5/503 1012/541/503 1011/539/503
f 516/7/502 1013/542/502 1012/541/502
f 1013/542/501 518/11/501 1014/544/501
f 1014/544/500 519/13/500 1015/545/500
f 519/13/499 1016/557/499 1015/545/499
f 520/15/498 1017/547/498 1016/557/498
f 1017/548/513 522/19/513 1018/558/513
f 522/19/512 1019/549/512 1018/558/512
f 523/22/511 1020/550/511 1019/549/511
f 524/24/510 1021/552/510 1020/550/510
f 1021/552/509 526/28/509 1022/553/509
f 1022/553/508 527/30/508 1023/554/508
f 1023/554/507 528/32/507 1024/555/507
f 1024/555/506 513/3/506 1009/537/506
f 529/1/258 530/4/258 514/2/258
f 530/4/259 531/6/259 515/5/259
f 531/6/260 532/8/260 516/7/260
f 532/8/261 533/10/261 517/9/261
f 533/10/262 534/12/262 518/11/262
f 534/12/263 535/14/263 519/13/263
f 535/14/264 536/16/264 520/15/264
f 536/16/265 537/39/265 521/17/265
f 537/18/266 538/21/266 522/19/266
f 538/21/267 539/23/267 523/22/267
f 539/23/268 540/42/268 524/24/268
f 524/24/269 540/42/269 541/25/269
f 525/26/270 541/25/270 542/27/270
f 526/28/271 542/27/271 543/29/271
f 527/30/272 543/29/272 544/31/272
f 544/31/273 529/1/273 513/3/273
f 545/33/274 546/49/274 530/4/274
f 530/4/275 546/49/275 547/34/275
f 531/6/276 547/34/276 548/35/276
f 532/8/277 548/35/277 549/36/277
f 549/36/278 550/53/278 534/12/278
f 534/12/279 550/53/279 551/37/279
f 551/37/280 552/38/280 536/16/280
f 552/38/281 553/56/281 537/39/281
f 537/18/282 553/58/282 554/40/282
f 538/21/283 554/40/283 555/41/283
f 555/41/284 556/43/284 540/42/284
f 556/43/285 557/44/285 541/25/285
f 557/44/286 558/45/286 542/27/286
f 558/45/287 559/46/287 543/29/287
f 559/46/288 560/47/288 544/31/288
f 560/47/289 545/33/289 529/1/289
f 561/48/290 562/50/290 546/49/290
f 562/50/291 563/51/291 547/34/291
f 563/51/292 564/66/292 548/35/292
f 548/35/293 564/66/293 565/52/293
f 565/52/294 566/68/294 550/53/294
f 550/53/295 566/68/295 567/54/295
f 567/54/296 568/55/296 552/38/296
f 568/55/297 569/71/297 553/56/297
f 569/57/298 570/73/298 554/40/298
f 554/40/299 570/73/299 571/59/299
f 571/59/300 572/60/300 556/43/300
f 572/60/301 573/61/301 557/44/301
f 573/61/302 574/77/302 558/45/302
f 558/45/303 574/77/303 575/62/303
f 575/62/304 576/79/304 560/47/304
f 560/47/305 576/79/305 561/48/305
f 577/63/306 578/64/306 562/50/306
f 578/64/307 579/81/307 563/51/307
f 563/51/308 579/81/308 580/65/308
f 580/65/309 581/67/309 565/52/309
f 581/67/310 582/69/310 566/68/310
f 582/69/311 583/86/311 567/54/311
f 567/54/312 583/86/312 584/70/312
f 584/70/313 585/89/313 569/71/313
f 569/57/314 585/91/314 586/72/314
f 586/72/315 587/93/315 571/59/315
f 571/59/316 587/93/316 588/74/316
f 572/60/317 588/74/317 589/75/317
f 573/61/318 589/75/318 590/76/318
f 590/76/319 591/78/319 575/62/319
f 591/78/320 592/99/320 576/79/320
f 576/79/321 592/99/321 577/63/321
f 577/63/322 593/101/322 594/80/322
f 594/80/323 595/103/323 579/81/323
f 579/81/324 595/103/324 596/82/324
f 580/65/325 596/82/325 597/83/325
f 581/67/326 597/83/326 598/84/326
f 582/69/327 598/84/327 599/85/327
f 583/86/328 599/85/328 600/87/328
f 584/70/329 600/87/329 601/88/329
f 601/90/330 602/92/330 586/72/330
f 602/92/331 603/94/331 587/93/331
f 603/94/332 604/95/332 588/74/332
f 604/95/333 605/96/333 589/75/333
f 605/96/334 606/97/334 590/76/334
f 606/97/335 607/114/335 591/78/335
f 591/78/336 607/114/336 608/98/336
f 608/98/337 593/101/337 577/63/337
f 609/100/338 610/102/338 594/80/338
f 610/102/339 611/104/339 595/103/339
f 611/104/340 612/105/340 596/82/340
f 612/105/341 613/106/341 597/83/341
f 613/106/342 614/107/342 598/84/342
f 614/107/343 615/108/343 599/85/343
f 615/108/344 616/123/344 600/87/344
f 600/87/345 616/123/345 617/109/345
f 617/110/346 618/111/346 602/92/346
f 618/111/347 619/127/347 603/94/347
f 603/94/348 619/127/348 620/112/348
f 620/112/349 621/129/349 605/96/349
f 605/96/350 621/129/350 622/113/350
f 622/113/351 623/132/351 607/114/351
f 607/114/352 623/132/352 624/115/352
f 624/115/353 609/100/353 593/101/353
f 625/116/354 626/117/354 610/102/354
f 626/117/355 627/118/355 611/104/355
f 627/118/356 628/119/356 612/105/356
f 628/119/357 629/120/357 613/106/357
f 629/120/358 630/121/358 614/107/358
f 630/121/359 631/122/359 615/108/359
f 631/122/360 632/140/360 616/123/360
f 616/123/361 632/140/361 633/124/361
f 633/125/362 634/126/362 618/111/362
f 634/126/363 635/144/363 619/127/363
f 619/127/364 635/144/364 636/128/364
f 636/128/365 637/130/365 621/129/365
f 637/130/366 638/147/366 622/113/366
f 622/113/367 638/147/367 639/131/367
f 623/132/368 639/131/368 640/133/368
f 640/133/369 625/116/369 609/100/369
f 641/134/370 642/152/370 626/117/370
f 626/117/371 642/152/371 643/135/371
f 627/118/372 643/135/372 644/136/372
f 628/119/373 644/136/373 645/137/373
f 629/120/374 645/137/374 646/138/374
f 646/138/375 647/139/375 631/122/375
f 647/139/376 648/141/376 632/140/376
f 648/141/377 649/160/377 633/124/377
f 649/142/378 650/143/378 634/126/378
f 650/143/379 651/162/379 635/144/379
f 635/144/380 651/162/380 652/145/380
f 652/145/381 653/146/381 637/130/381
f 653/146/382 654/148/382 638/147/382
f 654/148/383 655/149/383 639/131/383
f 655/149/384 656/150/384 640/133/384
f 656/150/385 641/134/385 625/116/385
f 657/151/386 658/153/386 642/152/386
f 658/153/387 659/154/387 643/135/387
f 659/154/388 660/155/388 644/136/388
f 660/155/389 661/156/389 645/137/389
f 661/156/390 662/157/390 646/138/390
f 662/157/391 663/158/391 647/139/391
f 663/158/392 664/159/392 648/141/392
f 664/159/393 665/175/393 649/160/393
f 649/142/394 665/176/394 666/161/394
f 666/161/395 667/179/395 651/162/395
f 651/162/396 667/179/396 668/163/396
f 652/145/397 668/163/397 669/164/397
f 653/146/398 669/164/398 670/165/398
f 654/148/399 670/165/399 671/166/399
f 655/149/400 671/166/400 672/167/400
f 656/150/401 672/167/401 657/151/401
f 673/168/402 674/185/402 658/153/402
f 658/153/403 674/185/403 675/169/403
f 659/154/404 675/169/404 676/170/404
f 660/155/405 676/170/405 677/171/405
f 661/156/406 677/171/406 678/172/406
f 662/157/407 678/172/407 679/173/407
f 679/173/408 680/174/408 664/159/408
f 680/174/409 681/192/409 665/175/409
f 665/176/410 681/193/410 682/177/410
f 666/161/411 682/177/411 683/178/411
f 683/178/412 684/180/412 668/163/412
f 684/180/413 685/181/413 669/164/413
f 685/181/414 686/182/414 670/165/414
f 686/182/415 687/183/415 671/166/415
f 687/183/416 688/199/416 672/167/416
f 672/167/417 688/199/417 673/168/417
f 689/184/418 690/201/418 674/185/418
f 674/185/419 690/201/419 691/186/419
f 691/186/420 692/187/420 676/170/420
f 692/187/421 693/188/421 677/171/421
f 693/188/422 694/189/422 678/172/422
f 694/189/423 695/190/423 679/173/423
f 695/190/424 696/191/424 680/174/424
f 696/191/425 697/207/425 681/192/425
f 681/193/426 697/209/426 698/194/426
f 682/177/427 698/194/427 699/195/427
f 699/195/428 700/212/428 684/180/428
f 684/180/429 700/212/429 701/196/429
f 685/181/430 701/196/430 702/197/430
f 686/182/431 702/197/431 703/198/431
f 703/198/432 704/216/432 688/199/432
f 688/199/433 704/216/433 689/184/433
f 689/184/434 705/218/434 706/200/434
f 690/201/435 706/200/435 707/202/435
f 707/202/436 708/203/436 692/187/436
f 708/203/437 709/222/437 693/188/437
f 693/188/438 709/222/438 710/204/438
f 710/204/439 711/225/439 695/190/439
f 695/190/440 711/225/440 712/205/440
f 696/191/441 712/205/441 713/206/441
f 713/208/442 714/210/442 698/194/442
f 714/210/443 715/211/443 699/195/443
f 715/211/444 716/213/444 700/212/444
f 716/213/445 717/232/445 701/196/445
f 701/196/446 717/232/446 718/214/446
f 702/197/447 718/214/447 719/215/447
f 719/215/448 720/217/448 704/216/448
f 720/217/449 705/218/449 689/184/449
f 705/218/450 721/236/450 722/219/450
f 706/200/451 722/219/451 723/220/451
f 707/202/452 723/220/452 724/221/452
f 724/221/453 725/240/453 709/222/453
f 709/222/454 725/240/454 726/223/454
f 710/204/455 726/223/455 727/224/455
f 711/225/456 727/224/456 728/226/456
f 712/205/457 728/226/457 729/227/457
f 729/228/458 730/229/458 714/210/458
f 730/229/459 731/230/459 715/211/459
f 731/230/460 732/231/460 716/213/460
f 732/231/461 733/248/461 717/232/461
f 717/232/462 733/248/462 734/233/462
f 734/233/463 735/234/463 719/215/463
f 735/234/464 736/235/464 720/217/464
f 736/235/465 721/236/465 705/218/465
f 721/236/466 737/251/466 738/237/466
f 738/237/467 739/238/467 723/220/467
f 739/238/468 740/255/468 724/221/468
f 724/221/469 740/255/469 741/239/469
f 741/239/470 742/241/470 726/223/470
f 742/241/471 743/242/471 727/224/471
f 743/242/472 744/243/472 728/226/472
f 744/243/473 745/260/473 729/227/473
f 745/244/474 746/262/474 730/229/474
f 730/229/475 746/262/475 747/245/475
f 731/230/476 747/245/476 748/246/476
f 732/231/477 748/246/477 749/247/477
f 749/247/478 750/266/478 734/233/478
f 734/233/479 750/266/479 751/249/479
f 735/234/480 751/249/480 752/250/480
f 752/250/481 737/251/481 721/236/481
f 737/251/482 753/271/482 754/252/482
f 738/237/483 754/252/483 755/253/483
f 739/238/484 755/253/484 756/254/484
f 740/255/485 756/254/485 757/256/485
f 741/239/486 757/256/486 758/257/486
f 742/241/487 758/257/487 759/258/487
f 759/258/488 760/278/488 744/243/488
f 744/243/489 760/278/489 761/259/489
f 761/261/490 762/281/490 746/262/490
f 746/262/491 762/281/491 763/263/491
f 763/263/492 764/264/492 748/246/492
f 764/264/493 765/265/493 749/247/493
f 765/265/494 766/267/494 750/266/494
f 766/267/495 767/268/495 751/249/495
f 767/268/496 768/269/496 752/250/496
f 768/269/497 753/271/497 737/251/497
f 769/270/498 770/272/498 754/252/498
f 770/272/499 771/273/499 755/253/499
f 771/273/500 772/274/500 756/254/500
f 772/274/501 773/275/501 757/256/501
f 773/275/502 774/276/502 758/257/502
f 774/276/503 775/277/503 759/258/503
f 775/277/504 776/279/504 760/278/504
f 776/279/505 777/559/505 761/259/505
f 777/280/506 778/560/506 762/281/506
f 762/281/507 778/560/507 779/282/507
f 779/282/508 780/561/508 764/264/508
f 764/264/509 780/561/509 781/283/509
f 765/265/510 781/283/510 782/284/510
f 766/267/511 782/284/511 783/285/511
f 767/268/512 783/285/512 784/286/512
f 768/269/513 784/286/513 769/270/513
f 785/287/265 786/319/265 770/288/265
f 770/288/264 786/319/264 787/290/264
f 771/291/263 787/290/263 788/292/263
f 772/293/262 788/292/262 789/294/262
f 773/295/261 789/294/261 790/296/261
f 774/297/260 790/296/260 791/298/260
f 775/299/259 791/298/259 792/300/259
f 792/300/258 793/327/258 777/302/258
f 777/303/273 793/328/273 794/304/273
f 794/304/272 795/307/272 779/306/272
f 795/307/271 796/309/271 780/308/271
f 796/309/270 797/311/270 781/310/270
f 797/311/269 798/313/269 782/312/269
f 798/313/268 799/315/268 783/314/268
f 799/315/267 800/317/267 784/316/267
f 800/317/266 785/287/266 769/289/266
f 801/318/281 802/320/281 786/319/281
f 802/320/280 803/321/280 787/290/280
f 803/321/279 804/322/279 788/292/279
f 804/322/278 805/323/278 789/294/278
f 805/323/277 806/324/277 790/296/277
f 806/324/276 807/325/276 791/298/276
f 807/325/275 808/326/275 792/300/275
f 808/326/274 809/341/274 793/327/274
f 793/328/289 809/343/289 810/329/289
f 810/329/288 811/345/288 795/307/288
f 795/307/287 811/345/287 812/330/287
f 796/309/286 812/330/286 813/331/286
f 797/311/285 813/331/285 814/332/285
f 798/313/284 814/332/284 815/333/284
f 799/315/283 815/333/283 816/334/283
f 816/334/282 801/318/282 785/287/282
f 817/335/297 818/336/297 802/320/297
f 818/336/296 819/353/296 803/321/296
f 803/321/295 819/353/295 820/337/295
f 820/337/294 821/356/294 805/323/294
f 805/323/293 821/356/293 822/338/293
f 806/324/292 822/338/292 823/339/292
f 823/339/291 824/340/291 808/326/291
f 824/340/290 825/360/290 809/341/290
f 825/342/305 826/344/305 810/329/305
f 826/344/304 827/346/304 811/345/304
f 827/346/303 828/347/303 812/330/303
f 828/347/302 829/365/302 813/331/302
f 813/331/301 829/365/301 830/348/301
f 830/348/300 831/349/300 815/333/300
f 831/349/299 832/350/299 816/334/299
f 832/350/298 817/335/298 801/318/298
f 833/351/313 834/352/313 818/336/313
f 834/352/312 835/354/312 819/353/312
f 835/354/311 836/370/311 820/337/311
f 820/337/310 836/370/310 837/355/310
f 837/355/309 838/357/309 822/338/309
f 838/357/308 839/358/308 823/339/308
f 839/358/307 840/359/307 824/340/307
f 840/359/306 841/374/306 825/360/306
f 825/342/321 841/375/321 842/361/321
f 826/344/320 842/361/320 843/362/320
f 827/346/319 843/362/319 844/363/319
f 828/347/318 844/363/318 845/364/318
f 845/364/317 846/379/317 830/348/317
f 830/348/316 846/379/316 847/366/316
f 831/349/315 847/366/315 848/367/315
f 832/350/314 848/367/314 833/351/314
f 833/351/329 849/382/329 850/368/329
f 850/368/328 851/369/328 835/354/328
f 851/369/327 852/385/327 836/370/327
f 836/370/326 852/385/326 853/371/326
f 853/371/325 854/388/325 838/357/325
f 838/357/324 854/388/324 855/372/324
f 839/358/323 855/372/323 856/373/323
f 856/373/322 857/390/322 841/374/322
f 841/375/337 857/392/337 858/376/337
f 858/376/336 859/377/336 843/362/336
f 859/377/335 860/395/335 844/363/335
f 844/363/334 860/395/334 861/378/334
f 861/378/333 862/398/333 846/379/333
f 846/379/332 862/398/332 863/380/332
f 847/366/331 863/380/331 864/381/331
f 864/381/330 849/382/330 833/351/330
f 849/382/345 865/401/345 866/383/345
f 866/383/344 867/384/344 851/369/344
f 867/384/343 868/405/343 852/385/343
f 852/385/342 868/405/342 869/386/342
f 853/371/341 869/386/341 870/387/341
f 870/387/340 871/409/340 855/372/340
f 855/372/339 871/409/339 872/389/339
f 872/389/338 873/412/338 857/390/338
f 873/391/353 874/393/353 858/376/353
f 874/393/352 875/394/352 859/377/352
f 875/394/351 876/396/351 860/395/351
f 876/396/350 877/397/350 861/378/350
f 877/397/349 878/418/349 862/398/349
f 862/398/348 878/418/348 879/399/348
f 863/380/347 879/399/347 880/400/347
f 880/400/346 865/401/346 849/382/346
f 865/401/361 881/423/361 882/402/361
f 866/383/360 882/402/360 883/403/360
f 867/384/359 883/403/359 884/404/359
f 868/405/358 884/404/358 885/406/358
f 869/386/357 885/406/357 886/407/357
f 870/387/356 886/407/356 887/408/356
f 871/409/355 887/408/355 888/410/355
f 872/389/354 888/410/354 889/411/354
f 889/413/369 890/414/369 874/393/369
f 890/414/368 891/415/368 875/394/368
f 891/415/367 892/416/367 876/396/367
f 892/416/366 893/417/366 877/397/366
f 893/417/365 894/419/365 878/418/365
f 894/419/364 895/420/364 879/399/364
f 895/420/363 896/421/363 880/400/363
f 896/421/362 881/423/362 865/401/362
f 897/422/377 898/424/377 882/402/377
f 898/424/376 899/425/376 883/403/376
f 899/425/375 900/426/375 884/404/375
f 900/426/374 901/427/374 885/406/374
f 901/427/373 902/428/373 886/407/373
f 902/428/372 903/429/372 887/408/372
f 903/429/371 904/430/371 888/410/371
f 904/430/370 905/444/370 889/411/370
f 905/431/385 906/432/385 890/414/385
f 906/432/384 907/447/384 891/415/384
f 891/415/383 907/447/383 908/433/383
f 892/416/382 908/433/382 909/434/382
f 909/434/381 910/451/381 894/419/381
f 894/419/380 910/451/380 911/435/380
f 895/420/379 911/435/379 912/436/379
f 896/421/378 912/436/378 897/422/378
f 913/437/393 914/438/393 898/424/393
f 914/438/392 915/439/392 899/425/392
f 915/439/391 916/457/391 900/426/391
f 900/426/390 916/457/390 917/440/390
f 901/427/389 917/440/389 918/441/389
f 902/428/388 918/441/388 919/442/388
f 919/442/387 920/443/387 904/430/387
f 920/443/386 921/461/386 905/444/386
f 921/445/401 922/446/401 906/432/401
f 922/446/400 923/448/400 907/447/400
f 923/448/399 924/449/399 908/433/399
f 924/449/398 925/450/398 909/434/398
f 925/450/397 926/467/397 910/451/397
f 910/451/396 926/467/396 927/452/396
f 911/435/395 927/452/395 928/453/395
f 928/453/394 913/437/394 897/422/394
f 929/454/409 930/471/409 914/438/409
f 914/438/408 930/471/408 931/455/408
f 915/439/407 931/455/407 932/456/407
f 932/456/406 933/458/406 917/440/406
f 933/458/405 934/459/405 918/441/405
f 934/459/404 935/475/404 919/442/404
f 919/442/403 935/475/403 936/460/403
f 936/460/402 937/477/402 921/461/402
f 937/462/417 938/463/417 922/446/417
f 938/463/416 939/479/416 923/448/416
f 923/448/415 939/479/415 940/464/415
f 924/449/414 940/464/414 941/465/414
f 925/450/413 941/465/413 942/466/413
f 942/466/412 943/468/412 927/452/412
f 943/468/411 944/469/411 928/453/411
f 944/469/410 929/454/410 913/437/410
f 945/470/425 946/487/425 930/471/425
f 930/471/424 946/487/424 947/472/424
f 947/472/423 948/489/423 932/456/423
f 932/456/422 948/489/422 949/473/422
f 949/473/421 950/492/421 934/459/421
f 934/459/420 950/492/420 951/474/420
f 951/474/419 952/476/419 936/460/419
f 952/476/418 953/495/418 937/477/418
f 937/462/433 953/497/433 954/478/433
f 954/478/432 955/480/432 939/479/432
f 955/480/431 956/481/431 940/464/431
f 956/481/430 957/482/430 941/465/430
f 957/482/429 958/483/429 942/466/429
f 958/483/428 959/484/428 943/468/428
f 959/484/427 960/485/427 944/469/427
f 960/485/426 945/470/426 929/454/426
f 961/486/441 962/503/441 946/487/441
f 946/487/440 962/503/440 963/488/440
f 963/488/439 964/490/439 948/489/439
f 964/490/438 965/506/438 949/473/438
f 949/473/437 965/506/437 966/491/437
f 950/492/436 966/491/436 967/493/436
f 967/493/435 968/510/435 952/476/435
f 952/476/434 968/510/434 969/494/434
f 969/496/449 970/513/449 954/478/449
f 954/478/448 970/513/448 971/498/448
f 971/498/447 972/499/447 956/481/447
f 972/499/446 973/517/446 957/482/446
f 957/482/445 973/517/445 974/500/445
f 958/483/444 974/500/444 975/501/444
f 975/501/443 976/520/443 960/485/443
f 960/485/442 976/520/442 961/486/442
f 961/486/457 977/522/457 978/502/457
f 978/502/456 979/504/456 963/488/456
f 979/504/455 980/505/455 964/490/455
f 980/505/454 981/507/454 965/506/454
f 981/507/453 982/508/453 966/491/453
f 982/508/452 983/509/452 967/493/452
f 983/509/451 984/527/451 968/510/451
f 968/510/450 984/527/450 985/511/450
f 985/512/465 986/530/465 970/513/465
f 970/513/464 986/530/464 987/514/464
f 971/498/463 987/514/463 988/515/463
f 972/499/462 988/515/462 989/516/462
f 973/517/461 989/516/461 990/518/461
f 974/500/460 990/518/460 991/519/460
f 991/519/459 992/521/459 976/520/459
f 992/521/458 977/522/458 961/486/458
f 977/522/473 993/538/473 994/523/473
f 978/502/472 994/523/472 995/524/472
f 995/524/471 996/540/471 980/505/471
f 980/505/470 996/540/470 997/525/470
f 997/525/469 998/543/469 982/508/469
f 982/508/468 998/543/468 999/526/468
f 999/526/467 1000/546/467 984/527/467
f 984/527/466 1000/546/466 1001/528/466
f 1001/529/481 1002/531/481 986/530/481
f 1002/531/480 1003/532/480 987/514/480
f 1003/532/479 1004/551/479 988/515/479
f 988/515/478 1004/551/478 1005/533/478
f 1005/533/477 1006/534/477 990/518/477
f 1006/534/476 1007/535/476 991/519/476
f 1007/535/475 1008/536/475 992/521/475
f 1008/536/474 993/538/474 977/522/474
f 1009/537/489 1010/556/489 994/523/489
f 994/523/488 1010/556/488 1011/539/488
f 1011/539/487 1012/541/487 996/540/487
f 1012/541/486 1013/542/486 997/525/486
f 1013/542/485 1014/544/485 998/543/485
f 1014/544/484 1015/545/484 999/526/484
f 1015/545/483 1016/557/483 1000/546/483
f 1000/546/482 1016/557/482 1017/547/482
f 1017/548/497 1018/558/497 1002/531/497
f 1002/531/496 1018/558/496 1019/549/496
f 1003/532/495 1019/549/495 1020/550/495
f 1004/551/494 1020/550/494 1021/552/494
f 1005/533/493 1021/552/493 1022/553/493
f 1006/534/492 1022/553/492 1023/554/492
f 1023/554/491 1024/555/491 1008/536/491
f 1024/555/490 1009/537/490 993/538/490
f 513/3/505 514/2/505 1010/556/505
f 514/2/504 515/5/504 1011/539/504
f 515/5/503 516/7/503 1012/541/503
f 516/7/502 517/9/502 1013/542/502
f 1013/542/501 517/9/501 518/11/501
f 1014/544/500 518/11/500 519/13/500
f 519/13/499 520/15/499 1016/557/499
f 520/15/498 521/17/498 1017/547/498
f 1017/548/513 521/20/513 522/19/513
f 522/19/512 523/22/512 1019/549/512
f 523/22/511 524/24/511 1020/550/511
f 524/24/510 525/26/510 1021/552/510
f 1021/552/509 525/26/509 526/28/509
f 1022/553/508 526/28/508 527/30/508
f 1023/554/507 527/30/507 528/32/507
f 1024/555/506 528/32/506 513/3/506
